[     141ms] [ERROR] Failed to load resource: the server responded with a status of 401 (Unauthorized) @ http://localhost:5174/auth/me:0
[     159ms] [WARNING] Module "fs" has been externalized for browser compatibility. Cannot access "fs.readFileSync" in client code. See https://vite.dev/guide/troubleshooting.html#module-externalized-for-browser-compatibility for more details. @ http://localhost:5174/node_modules/.vite/deps/ejs.js?v=97d2bbdc:10
[  539995ms] Error: WASM module not initialized. Call initWasm() first.
    at getWasm (http://localhost:5174/src/services/wasmRenderer.ts?t=1772925234247:81:11)
    at vfsReadFile (http://localhost:5174/src/services/wasmRenderer.ts?t=1772925234247:106:16)
    at http://localhost:5174/src/utils/iframePreProcessor.ts?t=1772925234247:6:20
    at String.replace (<anonymous>)
    at preProcessIframe (http://localhost:5174/src/utils/iframePreProcessor.ts?t=1772925234247:3:21)
    at http://localhost:5174/src/components/MorphIframe.tsx?t=1772925234247:168:12
    at http://localhost:5174/src/components/MorphIframe.tsx?t=1772925234247:181:27
    at Object.react_stack_bottom_frame (http://localhost:5174/node_modules/.vite/deps/react-dom_client.js?v=97d2bbdc:18567:20)
    at runWithFiberInDEV (http://localhost:5174/node_modules/.vite/deps/react-dom_client.js?v=97d2bbdc:997:72)
    at commitHookEffectListMount (http://localhost:5174/node_modules/.vite/deps/react-dom_client.js?v=97d2bbdc:9411:163)
[  539994ms] [WARNING] %s

%s
 An error occurred in the <MorphIframe> component. Consider adding an error boundary to your tree to customize error handling behavior.
Visit https://react.dev/link/error-boundaries to learn more about error boundaries. @ http://localhost:5174/node_modules/.vite/deps/react-dom_client.js?v=97d2bbdc:6965
[  540022ms] [WARNING] Failed to analyze document: Failed to read file: I/O error: Path not found: /project/index.qmd @ http://localhost:5174/src/services/intelligenceService.ts?t=1772925234247:20
[  553627ms] [ERROR] Failed to load resource: the server responded with a status of 401 (Unauthorized) @ http://localhost:5174/auth/me:0
[  749327ms] Error: WASM module not initialized. Call initWasm() first.
    at getWasm (http://localhost:5174/src/services/wasmRenderer.ts?t=1772925443561:81:11)
    at vfsReadFile (http://localhost:5174/src/services/wasmRenderer.ts?t=1772925443561:106:16)
    at http://localhost:5174/src/utils/iframePreProcessor.ts?t=1772925443561:6:20
    at String.replace (<anonymous>)
    at preProcessIframe (http://localhost:5174/src/utils/iframePreProcessor.ts?t=1772925443561:3:21)
    at http://localhost:5174/src/components/MorphIframe.tsx?t=1772925443561:168:12
    at http://localhost:5174/src/components/MorphIframe.tsx?t=1772925443561:181:27
    at Object.react_stack_bottom_frame (http://localhost:5174/node_modules/.vite/deps/react-dom_client.js?v=97d2bbdc:18567:20)
    at runWithFiberInDEV (http://localhost:5174/node_modules/.vite/deps/react-dom_client.js?v=97d2bbdc:997:72)
    at commitHookEffectListMount (http://localhost:5174/node_modules/.vite/deps/react-dom_client.js?v=97d2bbdc:9411:163)
[  749326ms] [WARNING] %s

%s
 An error occurred in the <MorphIframe> component. Consider adding an error boundary to your tree to customize error handling behavior.
Visit https://react.dev/link/error-boundaries to learn more about error boundaries. @ http://localhost:5174/node_modules/.vite/deps/react-dom_client.js?v=97d2bbdc:6965
[  749349ms] [WARNING] Failed to analyze document: Failed to read file: I/O error: Path not found: /project/index.qmd @ http://localhost:5174/src/services/intelligenceService.ts?t=1772925443561:20
[  968934ms] [ERROR] Failed to load resource: the server responded with a status of 401 (Unauthorized) @ http://localhost:5174/auth/me:0
[ 1413653ms] [WARNING] [renderToHtml] Theme CSS compilation failed, using default CSS: Error: Failed to parse YAML frontmatter: could not find expected ':' at line 3 column 1, while scanning a simple key at line 2 column 1
    at compileDocumentCss (http://localhost:5174/src/services/wasmRenderer.ts?t=1772925663112:430:11)
    at async compileAndInjectThemeCss (http://localhost:5174/src/services/wasmRenderer.ts?t=1772925663112:330:15)
    at async renderToHtml (http://localhost:5174/src/services/wasmRenderer.ts?t=1772925663112:264:24)
    at async doRender (http://localhost:5174/src/components/Preview.tsx?t=1772925663112:161:20)
    at async http://localhost:5174/src/components/Preview.tsx?t=1772925663112:286:20 @ http://localhost:5174/src/services/wasmRenderer.ts?t=1772925663112:266
[ 1413791ms] [WARNING] [renderToHtml] Theme CSS compilation failed, using default CSS: Error: Failed to parse YAML frontmatter: could not find expected ':' at line 3 column 1, while scanning a simple key at line 2 column 1
    at compileDocumentCss (http://localhost:5174/src/services/wasmRenderer.ts?t=1772925663112:430:11)
    at async compileAndInjectThemeCss (http://localhost:5174/src/services/wasmRenderer.ts?t=1772925663112:330:15)
    at async renderToHtml (http://localhost:5174/src/services/wasmRenderer.ts?t=1772925663112:264:24)
    at async doRender (http://localhost:5174/src/components/Preview.tsx?t=1772925663112:161:20)
    at async http://localhost:5174/src/components/Preview.tsx?t=1772925663112:286:20 @ http://localhost:5174/src/services/wasmRenderer.ts?t=1772925663112:266
[ 1413944ms] [WARNING] [renderToHtml] Theme CSS compilation failed, using default CSS: Error: Failed to parse YAML frontmatter: could not find expected ':' at line 3 column 1, while scanning a simple key at line 2 column 1
    at compileDocumentCss (http://localhost:5174/src/services/wasmRenderer.ts?t=1772925663112:430:11)
    at async compileAndInjectThemeCss (http://localhost:5174/src/services/wasmRenderer.ts?t=1772925663112:330:15)
    at async renderToHtml (http://localhost:5174/src/services/wasmRenderer.ts?t=1772925663112:264:24)
    at async doRender (http://localhost:5174/src/components/Preview.tsx?t=1772925663112:161:20)
    at async http://localhost:5174/src/components/Preview.tsx?t=1772925663112:286:20 @ http://localhost:5174/src/services/wasmRenderer.ts?t=1772925663112:266
[ 1506530ms] [WARNING] [renderToHtml] Theme CSS compilation failed, using default CSS: Error: Failed to parse YAML frontmatter: could not find expected ':' at line 3 column 1, while scanning a simple key at line 2 column 1
    at compileDocumentCss (http://localhost:5174/src/services/wasmRenderer.ts?t=1772925663112:430:11)
    at async compileAndInjectThemeCss (http://localhost:5174/src/services/wasmRenderer.ts?t=1772925663112:330:15)
    at async renderToHtml (http://localhost:5174/src/services/wasmRenderer.ts?t=1772925663112:264:24)
    at async doRender (http://localhost:5174/src/components/Preview.tsx?t=1772925663112:161:20)
    at async http://localhost:5174/src/components/Preview.tsx?t=1772925663112:286:20 @ http://localhost:5174/src/services/wasmRenderer.ts?t=1772925663112:266
[ 1506731ms] [WARNING] [renderToHtml] Theme CSS compilation failed, using default CSS: Error: Failed to parse YAML frontmatter: could not find expected ':' at line 3 column 1, while scanning a simple key at line 2 column 1
    at compileDocumentCss (http://localhost:5174/src/services/wasmRenderer.ts?t=1772925663112:430:11)
    at async compileAndInjectThemeCss (http://localhost:5174/src/services/wasmRenderer.ts?t=1772925663112:330:15)
    at async renderToHtml (http://localhost:5174/src/services/wasmRenderer.ts?t=1772925663112:264:24)
    at async doRender (http://localhost:5174/src/components/Preview.tsx?t=1772925663112:161:20)
    at async http://localhost:5174/src/components/Preview.tsx?t=1772925663112:286:20 @ http://localhost:5174/src/services/wasmRenderer.ts?t=1772925663112:266
[ 1506894ms] [WARNING] [renderToHtml] Theme CSS compilation failed, using default CSS: Error: Failed to parse YAML frontmatter: could not find expected ':' at line 3 column 1, while scanning a simple key at line 2 column 1
    at compileDocumentCss (http://localhost:5174/src/services/wasmRenderer.ts?t=1772925663112:430:11)
    at async compileAndInjectThemeCss (http://localhost:5174/src/services/wasmRenderer.ts?t=1772925663112:330:15)
    at async renderToHtml (http://localhost:5174/src/services/wasmRenderer.ts?t=1772925663112:264:24)
    at async doRender (http://localhost:5174/src/components/Preview.tsx?t=1772925663112:161:20)
    at async http://localhost:5174/src/components/Preview.tsx?t=1772925663112:286:20 @ http://localhost:5174/src/services/wasmRenderer.ts?t=1772925663112:266
[ 2114626ms] [ERROR] Failed to load resource: the server responded with a status of 401 (Unauthorized) @ http://localhost:5174/auth/me:0
[ 2114642ms] [WARNING] Module "fs" has been externalized for browser compatibility. Cannot access "fs.readFileSync" in client code. See https://vite.dev/guide/troubleshooting.html#module-externalized-for-browser-compatibility for more details. @ http://localhost:5174/node_modules/.vite/deps/ejs.js?v=97d2bbdc:10
[ 2160474ms] [ERROR] WebSocket connection to 'ws://localhost:3000/' failed: Error in connection establishment: net::ERR_CONNECTION_REFUSED @ http://localhost:5174/node_modules/.vite/deps/@automerge_automerge-repo-network-websocket.js?v=97d2bbdc:107
[ 2165475ms] [ERROR] WebSocket connection to 'ws://localhost:3000/' failed: Error in connection establishment: net::ERR_CONNECTION_REFUSED @ http://localhost:5174/node_modules/.vite/deps/@automerge_automerge-repo-network-websocket.js?v=97d2bbdc:107
[ 2300359ms] [ERROR] Failed to load resource: the server responded with a status of 401 (Unauthorized) @ http://localhost:5174/auth/me:0
[ 2300364ms] [WARNING] Module "fs" has been externalized for browser compatibility. Cannot access "fs.readFileSync" in client code. See https://vite.dev/guide/troubleshooting.html#module-externalized-for-browser-compatibility for more details. @ http://localhost:5174/node_modules/.vite/deps/ejs.js?v=97d2bbdc:10
[ 2305253ms] Error: WASM module not initialized. Call initWasm() first.
    at getWasm (http://localhost:5174/src/services/wasmRenderer.ts?t=1772926999486:81:11)
    at vfsReadFile (http://localhost:5174/src/services/wasmRenderer.ts?t=1772926999486:106:16)
    at http://localhost:5174/src/utils/iframePostProcessor.ts?t=1772926999486:17:22
    at NodeList.forEach (<anonymous>)
    at postProcessIframe (http://localhost:5174/src/utils/iframePostProcessor.ts?t=1772926999486:14:50)
    at http://localhost:5174/src/components/MorphIframe.tsx?t=1772926999486:167:5
    at http://localhost:5174/src/components/MorphIframe.tsx?t=1772926999486:192:7
    at Object.react_stack_bottom_frame (http://localhost:5174/node_modules/.vite/deps/react-dom_client.js?v=97d2bbdc:18567:20)
    at runWithFiberInDEV (http://localhost:5174/node_modules/.vite/deps/react-dom_client.js?v=97d2bbdc:997:72)
    at commitHookEffectListMount (http://localhost:5174/node_modules/.vite/deps/react-dom_client.js?v=97d2bbdc:9411:163)
[ 2305249ms] [WARNING] %s

%s
 An error occurred in the <MorphIframe> component. Consider adding an error boundary to your tree to customize error handling behavior.
Visit https://react.dev/link/error-boundaries to learn more about error boundaries. @ http://localhost:5174/node_modules/.vite/deps/react-dom_client.js?v=97d2bbdc:6965
[ 2305295ms] [WARNING] Failed to analyze document: Failed to read file: I/O error: Path not found: /project/chapters/chapter1.qmd @ http://localhost:5174/src/services/intelligenceService.ts?t=1772926999486:20
[ 2315375ms] [ERROR] Failed to load resource: the server responded with a status of 500 (Internal Server Error) @ http://localhost:5174/auth/me:0
[ 2315422ms] [ERROR] WebSocket connection to 'ws://localhost:3000/' failed: Error in connection establishment: net::ERR_CONNECTION_REFUSED @ http://localhost:5174/node_modules/.vite/deps/@automerge_automerge-repo-network-websocket.js?v=97d2bbdc:107
[ 2400905ms] [WARNING] [renderToHtml] Theme CSS compilation failed, using default CSS: Error: Unclosed YAML frontmatter
    at compileDocumentCss (http://localhost:5174/src/services/wasmRenderer.ts?t=1772927009633:430:11)
    at async compileAndInjectThemeCss (http://localhost:5174/src/services/wasmRenderer.ts?t=1772927009633:330:15)
    at async renderToHtml (http://localhost:5174/src/services/wasmRenderer.ts?t=1772927009633:264:24)
    at async doRender (http://localhost:5174/src/components/Preview.tsx?t=1772927009633:161:20)
    at async http://localhost:5174/src/components/Preview.tsx?t=1772927009633:286:20 @ http://localhost:5174/src/services/wasmRenderer.ts?t=1772927009633:266
[ 2401272ms] [WARNING] [renderToHtml] Theme CSS compilation failed, using default CSS: Error: Unclosed YAML frontmatter
    at compileDocumentCss (http://localhost:5174/src/services/wasmRenderer.ts?t=1772927009633:430:11)
    at async compileAndInjectThemeCss (http://localhost:5174/src/services/wasmRenderer.ts?t=1772927009633:330:15)
    at async renderToHtml (http://localhost:5174/src/services/wasmRenderer.ts?t=1772927009633:264:24)
    at async doRender (http://localhost:5174/src/components/Preview.tsx?t=1772927009633:161:20)
    at async http://localhost:5174/src/components/Preview.tsx?t=1772927009633:286:20 @ http://localhost:5174/src/services/wasmRenderer.ts?t=1772927009633:266
[ 2404434ms] [WARNING] [renderToHtml] Theme CSS compilation failed, using default CSS: Error: Unclosed YAML frontmatter
    at compileDocumentCss (http://localhost:5174/src/services/wasmRenderer.ts?t=1772927009633:430:11)
    at async compileAndInjectThemeCss (http://localhost:5174/src/services/wasmRenderer.ts?t=1772927009633:330:15)
    at async renderToHtml (http://localhost:5174/src/services/wasmRenderer.ts?t=1772927009633:264:24)
    at async doRender (http://localhost:5174/src/components/Preview.tsx?t=1772927009633:161:20)
    at async http://localhost:5174/src/components/Preview.tsx?t=1772927009633:286:20 @ http://localhost:5174/src/services/wasmRenderer.ts?t=1772927009633:266
[ 2404700ms] [WARNING] [renderToHtml] Theme CSS compilation failed, using default CSS: Error: Unclosed YAML frontmatter
    at compileDocumentCss (http://localhost:5174/src/services/wasmRenderer.ts?t=1772927009633:430:11)
    at async compileAndInjectThemeCss (http://localhost:5174/src/services/wasmRenderer.ts?t=1772927009633:330:15)
    at async renderToHtml (http://localhost:5174/src/services/wasmRenderer.ts?t=1772927009633:264:24)
    at async doRender (http://localhost:5174/src/components/Preview.tsx?t=1772927009633:161:20)
    at async http://localhost:5174/src/components/Preview.tsx?t=1772927009633:286:20 @ http://localhost:5174/src/services/wasmRenderer.ts?t=1772927009633:266
[ 2404815ms] [WARNING] [renderToHtml] Theme CSS compilation failed, using default CSS: Error: Unclosed YAML frontmatter
    at compileDocumentCss (http://localhost:5174/src/services/wasmRenderer.ts?t=1772927009633:430:11)
    at async compileAndInjectThemeCss (http://localhost:5174/src/services/wasmRenderer.ts?t=1772927009633:330:15)
    at async renderToHtml (http://localhost:5174/src/services/wasmRenderer.ts?t=1772927009633:264:24)
    at async doRender (http://localhost:5174/src/components/Preview.tsx?t=1772927009633:161:20)
    at async http://localhost:5174/src/components/Preview.tsx?t=1772927009633:286:20 @ http://localhost:5174/src/services/wasmRenderer.ts?t=1772927009633:266
[ 2404951ms] [WARNING] [renderToHtml] Theme CSS compilation failed, using default CSS: Error: Unclosed YAML frontmatter
    at compileDocumentCss (http://localhost:5174/src/services/wasmRenderer.ts?t=1772927009633:430:11)
    at async compileAndInjectThemeCss (http://localhost:5174/src/services/wasmRenderer.ts?t=1772927009633:330:15)
    at async renderToHtml (http://localhost:5174/src/services/wasmRenderer.ts?t=1772927009633:264:24)
    at async doRender (http://localhost:5174/src/components/Preview.tsx?t=1772927009633:161:20)
    at async http://localhost:5174/src/components/Preview.tsx?t=1772927009633:286:20 @ http://localhost:5174/src/services/wasmRenderer.ts?t=1772927009633:266
[ 2405037ms] [WARNING] [renderToHtml] Theme CSS compilation failed, using default CSS: Error: Unclosed YAML frontmatter
    at compileDocumentCss (http://localhost:5174/src/services/wasmRenderer.ts?t=1772927009633:430:11)
    at async compileAndInjectThemeCss (http://localhost:5174/src/services/wasmRenderer.ts?t=1772927009633:330:15)
    at async renderToHtml (http://localhost:5174/src/services/wasmRenderer.ts?t=1772927009633:264:24)
    at async doRender (http://localhost:5174/src/components/Preview.tsx?t=1772927009633:161:20)
    at async http://localhost:5174/src/components/Preview.tsx?t=1772927009633:286:20 @ http://localhost:5174/src/services/wasmRenderer.ts?t=1772927009633:266
[ 2405331ms] [WARNING] [renderToHtml] Theme CSS compilation failed, using default CSS: Error: Unclosed YAML frontmatter
    at compileDocumentCss (http://localhost:5174/src/services/wasmRenderer.ts?t=1772927009633:430:11)
    at async compileAndInjectThemeCss (http://localhost:5174/src/services/wasmRenderer.ts?t=1772927009633:330:15)
    at async renderToHtml (http://localhost:5174/src/services/wasmRenderer.ts?t=1772927009633:264:24)
    at async doRender (http://localhost:5174/src/components/Preview.tsx?t=1772927009633:161:20)
    at async http://localhost:5174/src/components/Preview.tsx?t=1772927009633:286:20 @ http://localhost:5174/src/services/wasmRenderer.ts?t=1772927009633:266
[ 2405432ms] [WARNING] [renderToHtml] Theme CSS compilation failed, using default CSS: Error: Unclosed YAML frontmatter
    at compileDocumentCss (http://localhost:5174/src/services/wasmRenderer.ts?t=1772927009633:430:11)
    at async compileAndInjectThemeCss (http://localhost:5174/src/services/wasmRenderer.ts?t=1772927009633:330:15)
    at async renderToHtml (http://localhost:5174/src/services/wasmRenderer.ts?t=1772927009633:264:24)
    at async doRender (http://localhost:5174/src/components/Preview.tsx?t=1772927009633:161:20)
    at async http://localhost:5174/src/components/Preview.tsx?t=1772927009633:286:20 @ http://localhost:5174/src/services/wasmRenderer.ts?t=1772927009633:266
[ 2406485ms] [WARNING] [renderToHtml] Theme CSS compilation failed, using default CSS: Error: Unclosed YAML frontmatter
    at compileDocumentCss (http://localhost:5174/src/services/wasmRenderer.ts?t=1772927009633:430:11)
    at async compileAndInjectThemeCss (http://localhost:5174/src/services/wasmRenderer.ts?t=1772927009633:330:15)
    at async renderToHtml (http://localhost:5174/src/services/wasmRenderer.ts?t=1772927009633:264:24)
    at async doRender (http://localhost:5174/src/components/Preview.tsx?t=1772927009633:161:20)
    at async http://localhost:5174/src/components/Preview.tsx?t=1772927009633:286:20 @ http://localhost:5174/src/services/wasmRenderer.ts?t=1772927009633:266
[ 2406615ms] [WARNING] [renderToHtml] Theme CSS compilation failed, using default CSS: Error: Unclosed YAML frontmatter
    at compileDocumentCss (http://localhost:5174/src/services/wasmRenderer.ts?t=1772927009633:430:11)
    at async compileAndInjectThemeCss (http://localhost:5174/src/services/wasmRenderer.ts?t=1772927009633:330:15)
    at async renderToHtml (http://localhost:5174/src/services/wasmRenderer.ts?t=1772927009633:264:24)
    at async doRender (http://localhost:5174/src/components/Preview.tsx?t=1772927009633:161:20)
    at async http://localhost:5174/src/components/Preview.tsx?t=1772927009633:286:20 @ http://localhost:5174/src/services/wasmRenderer.ts?t=1772927009633:266
[ 2406717ms] [WARNING] [renderToHtml] Theme CSS compilation failed, using default CSS: Error: Unclosed YAML frontmatter
    at compileDocumentCss (http://localhost:5174/src/services/wasmRenderer.ts?t=1772927009633:430:11)
    at async compileAndInjectThemeCss (http://localhost:5174/src/services/wasmRenderer.ts?t=1772927009633:330:15)
    at async renderToHtml (http://localhost:5174/src/services/wasmRenderer.ts?t=1772927009633:264:24)
    at async doRender (http://localhost:5174/src/components/Preview.tsx?t=1772927009633:161:20)
    at async http://localhost:5174/src/components/Preview.tsx?t=1772927009633:286:20 @ http://localhost:5174/src/services/wasmRenderer.ts?t=1772927009633:266
[ 2406917ms] [WARNING] [renderToHtml] Theme CSS compilation failed, using default CSS: Error: Unclosed YAML frontmatter
    at compileDocumentCss (http://localhost:5174/src/services/wasmRenderer.ts?t=1772927009633:430:11)
    at async compileAndInjectThemeCss (http://localhost:5174/src/services/wasmRenderer.ts?t=1772927009633:330:15)
    at async renderToHtml (http://localhost:5174/src/services/wasmRenderer.ts?t=1772927009633:264:24)
    at async doRender (http://localhost:5174/src/components/Preview.tsx?t=1772927009633:161:20)
    at async http://localhost:5174/src/components/Preview.tsx?t=1772927009633:286:20 @ http://localhost:5174/src/services/wasmRenderer.ts?t=1772927009633:266
[ 2407057ms] [WARNING] [renderToHtml] Theme CSS compilation failed, using default CSS: Error: Unclosed YAML frontmatter
    at compileDocumentCss (http://localhost:5174/src/services/wasmRenderer.ts?t=1772927009633:430:11)
    at async compileAndInjectThemeCss (http://localhost:5174/src/services/wasmRenderer.ts?t=1772927009633:330:15)
    at async renderToHtml (http://localhost:5174/src/services/wasmRenderer.ts?t=1772927009633:264:24)
    at async doRender (http://localhost:5174/src/components/Preview.tsx?t=1772927009633:161:20)
    at async http://localhost:5174/src/components/Preview.tsx?t=1772927009633:286:20 @ http://localhost:5174/src/services/wasmRenderer.ts?t=1772927009633:266
[ 2407138ms] [WARNING] [renderToHtml] Theme CSS compilation failed, using default CSS: Error: Unclosed YAML frontmatter
    at compileDocumentCss (http://localhost:5174/src/services/wasmRenderer.ts?t=1772927009633:430:11)
    at async compileAndInjectThemeCss (http://localhost:5174/src/services/wasmRenderer.ts?t=1772927009633:330:15)
    at async renderToHtml (http://localhost:5174/src/services/wasmRenderer.ts?t=1772927009633:264:24)
    at async doRender (http://localhost:5174/src/components/Preview.tsx?t=1772927009633:161:20)
    at async http://localhost:5174/src/components/Preview.tsx?t=1772927009633:286:20 @ http://localhost:5174/src/services/wasmRenderer.ts?t=1772927009633:266
[ 2407208ms] [WARNING] [renderToHtml] Theme CSS compilation failed, using default CSS: Error: Unclosed YAML frontmatter
    at compileDocumentCss (http://localhost:5174/src/services/wasmRenderer.ts?t=1772927009633:430:11)
    at async compileAndInjectThemeCss (http://localhost:5174/src/services/wasmRenderer.ts?t=1772927009633:330:15)
    at async renderToHtml (http://localhost:5174/src/services/wasmRenderer.ts?t=1772927009633:264:24)
    at async doRender (http://localhost:5174/src/components/Preview.tsx?t=1772927009633:161:20)
    at async http://localhost:5174/src/components/Preview.tsx?t=1772927009633:286:20 @ http://localhost:5174/src/services/wasmRenderer.ts?t=1772927009633:266
[ 2407506ms] [WARNING] [renderToHtml] Theme CSS compilation failed, using default CSS: Error: Unclosed YAML frontmatter
    at compileDocumentCss (http://localhost:5174/src/services/wasmRenderer.ts?t=1772927009633:430:11)
    at async compileAndInjectThemeCss (http://localhost:5174/src/services/wasmRenderer.ts?t=1772927009633:330:15)
    at async renderToHtml (http://localhost:5174/src/services/wasmRenderer.ts?t=1772927009633:264:24)
    at async doRender (http://localhost:5174/src/components/Preview.tsx?t=1772927009633:161:20)
    at async http://localhost:5174/src/components/Preview.tsx?t=1772927009633:286:20 @ http://localhost:5174/src/services/wasmRenderer.ts?t=1772927009633:266
[ 2409386ms] [WARNING] [renderToHtml] Theme CSS compilation failed, using default CSS: Error: Unclosed YAML frontmatter
    at compileDocumentCss (http://localhost:5174/src/services/wasmRenderer.ts?t=1772927009633:430:11)
    at async compileAndInjectThemeCss (http://localhost:5174/src/services/wasmRenderer.ts?t=1772927009633:330:15)
    at async renderToHtml (http://localhost:5174/src/services/wasmRenderer.ts?t=1772927009633:264:24)
    at async doRender (http://localhost:5174/src/components/Preview.tsx?t=1772927009633:161:20)
    at async http://localhost:5174/src/components/Preview.tsx?t=1772927009633:286:20 @ http://localhost:5174/src/services/wasmRenderer.ts?t=1772927009633:266
[ 2409688ms] [WARNING] [renderToHtml] Theme CSS compilation failed, using default CSS: Error: Unclosed YAML frontmatter
    at compileDocumentCss (http://localhost:5174/src/services/wasmRenderer.ts?t=1772927009633:430:11)
    at async compileAndInjectThemeCss (http://localhost:5174/src/services/wasmRenderer.ts?t=1772927009633:330:15)
    at async renderToHtml (http://localhost:5174/src/services/wasmRenderer.ts?t=1772927009633:264:24)
    at async doRender (http://localhost:5174/src/components/Preview.tsx?t=1772927009633:161:20)
    at async http://localhost:5174/src/components/Preview.tsx?t=1772927009633:286:20 @ http://localhost:5174/src/services/wasmRenderer.ts?t=1772927009633:266
[ 2409828ms] [WARNING] [renderToHtml] Theme CSS compilation failed, using default CSS: Error: Unclosed YAML frontmatter
    at compileDocumentCss (http://localhost:5174/src/services/wasmRenderer.ts?t=1772927009633:430:11)
    at async compileAndInjectThemeCss (http://localhost:5174/src/services/wasmRenderer.ts?t=1772927009633:330:15)
    at async renderToHtml (http://localhost:5174/src/services/wasmRenderer.ts?t=1772927009633:264:24)
    at async doRender (http://localhost:5174/src/components/Preview.tsx?t=1772927009633:161:20)
    at async http://localhost:5174/src/components/Preview.tsx?t=1772927009633:286:20 @ http://localhost:5174/src/services/wasmRenderer.ts?t=1772927009633:266
[ 2410592ms] [WARNING] [renderToHtml] Theme CSS compilation failed, using default CSS: Error: Unclosed YAML frontmatter
    at compileDocumentCss (http://localhost:5174/src/services/wasmRenderer.ts?t=1772927009633:430:11)
    at async compileAndInjectThemeCss (http://localhost:5174/src/services/wasmRenderer.ts?t=1772927009633:330:15)
    at async renderToHtml (http://localhost:5174/src/services/wasmRenderer.ts?t=1772927009633:264:24)
    at async doRender (http://localhost:5174/src/components/Preview.tsx?t=1772927009633:161:20)
    at async http://localhost:5174/src/components/Preview.tsx?t=1772927009633:286:20 @ http://localhost:5174/src/services/wasmRenderer.ts?t=1772927009633:266
[ 2411202ms] [WARNING] [renderToHtml] Theme CSS compilation failed, using default CSS: Error: Unclosed YAML frontmatter
    at compileDocumentCss (http://localhost:5174/src/services/wasmRenderer.ts?t=1772927009633:430:11)
    at async compileAndInjectThemeCss (http://localhost:5174/src/services/wasmRenderer.ts?t=1772927009633:330:15)
    at async renderToHtml (http://localhost:5174/src/services/wasmRenderer.ts?t=1772927009633:264:24)
    at async doRender (http://localhost:5174/src/components/Preview.tsx?t=1772927009633:161:20)
    at async http://localhost:5174/src/components/Preview.tsx?t=1772927009633:286:20 @ http://localhost:5174/src/services/wasmRenderer.ts?t=1772927009633:266
[ 2411342ms] [WARNING] [renderToHtml] Theme CSS compilation failed, using default CSS: Error: Unclosed YAML frontmatter
    at compileDocumentCss (http://localhost:5174/src/services/wasmRenderer.ts?t=1772927009633:430:11)
    at async compileAndInjectThemeCss (http://localhost:5174/src/services/wasmRenderer.ts?t=1772927009633:330:15)
    at async renderToHtml (http://localhost:5174/src/services/wasmRenderer.ts?t=1772927009633:264:24)
    at async doRender (http://localhost:5174/src/components/Preview.tsx?t=1772927009633:161:20)
    at async http://localhost:5174/src/components/Preview.tsx?t=1772927009633:286:20 @ http://localhost:5174/src/services/wasmRenderer.ts?t=1772927009633:266
[ 5560107ms] Error: WASM module not initialized. Call initWasm() first.
    at getWasm (http://localhost:5174/src/services/wasmRenderer.ts?t=1772930254355:81:11)
    at vfsReadFile (http://localhost:5174/src/services/wasmRenderer.ts?t=1772930254355:106:16)
    at http://localhost:5174/src/utils/iframePostProcessor.ts?t=1772930254355:17:22
    at NodeList.forEach (<anonymous>)
    at postProcessIframe (http://localhost:5174/src/utils/iframePostProcessor.ts?t=1772930254355:14:50)
    at http://localhost:5174/src/components/MorphIframe.tsx?t=1772930254352:167:5
    at http://localhost:5174/src/components/MorphIframe.tsx?t=1772930254352:192:7
    at Object.react_stack_bottom_frame (http://localhost:5174/node_modules/.vite/deps/react-dom_client.js?v=97d2bbdc:18567:20)
    at runWithFiberInDEV (http://localhost:5174/node_modules/.vite/deps/react-dom_client.js?v=97d2bbdc:997:72)
    at commitHookEffectListMount (http://localhost:5174/node_modules/.vite/deps/react-dom_client.js?v=97d2bbdc:9411:163)
[ 5560105ms] [WARNING] %s

%s
 An error occurred in the <MorphIframe> component. Consider adding an error boundary to your tree to customize error handling behavior.
Visit https://react.dev/link/error-boundaries to learn more about error boundaries. @ http://localhost:5174/node_modules/.vite/deps/react-dom_client.js?v=97d2bbdc:6965
[ 5560160ms] [WARNING] Failed to analyze document: Failed to read file: I/O error: Path not found: /project/chapters/chapter2.qmd @ http://localhost:5174/src/services/intelligenceService.ts?t=1772930254355:20
[ 5570563ms] [ERROR] Failed to load resource: the server responded with a status of 401 (Unauthorized) @ http://localhost:5174/auth/me:0
[ 5860487ms] Error: WASM module not initialized. Call initWasm() first.
    at getWasm (http://localhost:5174/src/services/wasmRenderer.ts?t=1772930554734:81:11)
    at vfsReadFile (http://localhost:5174/src/services/wasmRenderer.ts?t=1772930554734:106:16)
    at http://localhost:5174/src/utils/iframePostProcessor.ts?t=1772930554734:17:22
    at NodeList.forEach (<anonymous>)
    at postProcessIframe (http://localhost:5174/src/utils/iframePostProcessor.ts?t=1772930554734:14:50)
    at http://localhost:5174/src/components/MorphIframe.tsx?t=1772930554734:167:5
    at http://localhost:5174/src/components/MorphIframe.tsx?t=1772930554734:192:7
    at Object.react_stack_bottom_frame (http://localhost:5174/node_modules/.vite/deps/react-dom_client.js?v=97d2bbdc:18567:20)
    at runWithFiberInDEV (http://localhost:5174/node_modules/.vite/deps/react-dom_client.js?v=97d2bbdc:997:72)
    at commitHookEffectListMount (http://localhost:5174/node_modules/.vite/deps/react-dom_client.js?v=97d2bbdc:9411:163)
[ 5860486ms] [WARNING] %s

%s
 An error occurred in the <MorphIframe> component. Consider adding an error boundary to your tree to customize error handling behavior.
Visit https://react.dev/link/error-boundaries to learn more about error boundaries. @ http://localhost:5174/node_modules/.vite/deps/react-dom_client.js?v=97d2bbdc:6965
[ 5860528ms] [WARNING] Failed to analyze document: Failed to read file: I/O error: Path not found: /project/chapters/chapter2.qmd @ http://localhost:5174/src/services/intelligenceService.ts?t=1772930554734:20
[ 5870813ms] [ERROR] Failed to load resource: the server responded with a status of 401 (Unauthorized) @ http://localhost:5174/auth/me:0
[ 6734702ms] Error: WASM module not initialized. Call initWasm() first.
    at getWasm (http://localhost:5174/src/services/wasmRenderer.ts?t=1772931428953:81:11)
    at vfsReadFile (http://localhost:5174/src/services/wasmRenderer.ts?t=1772931428953:106:16)
    at http://localhost:5174/src/utils/iframePostProcessor.ts?t=1772931428953:17:22
    at NodeList.forEach (<anonymous>)
    at postProcessIframe (http://localhost:5174/src/utils/iframePostProcessor.ts?t=1772931428953:14:50)
    at http://localhost:5174/src/components/MorphIframe.tsx?t=1772931428953:117:5
    at http://localhost:5174/src/components/MorphIframe.tsx?t=1772931428953:142:7
    at Object.react_stack_bottom_frame (http://localhost:5174/node_modules/.vite/deps/react-dom_client.js?v=97d2bbdc:18567:20)
    at runWithFiberInDEV (http://localhost:5174/node_modules/.vite/deps/react-dom_client.js?v=97d2bbdc:997:72)
    at commitHookEffectListMount (http://localhost:5174/node_modules/.vite/deps/react-dom_client.js?v=97d2bbdc:9411:163)
[ 6734702ms] [WARNING] %s

%s
 An error occurred in the <MorphIframe> component. Consider adding an error boundary to your tree to customize error handling behavior.
Visit https://react.dev/link/error-boundaries to learn more about error boundaries. @ http://localhost:5174/node_modules/.vite/deps/react-dom_client.js?v=97d2bbdc:6965
[ 6734744ms] [WARNING] Failed to analyze document: Failed to read file: I/O error: Path not found: /project/chapters/chapter2.qmd @ http://localhost:5174/src/services/intelligenceService.ts?t=1772931428953:20
[ 6745407ms] [ERROR] Failed to load resource: the server responded with a status of 401 (Unauthorized) @ http://localhost:5174/auth/me:0
[ 8361449ms] Error: WASM module not initialized. Call initWasm() first.
    at getWasm (http://localhost:5174/src/services/wasmRenderer.ts?t=1772933055699:81:11)
    at vfsReadFile (http://localhost:5174/src/services/wasmRenderer.ts?t=1772933055699:106:16)
    at http://localhost:5174/src/utils/iframePostProcessor.ts?t=1772933055699:17:22
    at NodeList.forEach (<anonymous>)
    at postProcessIframe (http://localhost:5174/src/utils/iframePostProcessor.ts?t=1772933055699:14:50)
    at http://localhost:5174/src/components/MorphIframe.tsx?t=1772933055699:117:5
    at http://localhost:5174/src/components/MorphIframe.tsx?t=1772933055699:142:7
    at Object.react_stack_bottom_frame (http://localhost:5174/node_modules/.vite/deps/react-dom_client.js?v=97d2bbdc:18567:20)
    at runWithFiberInDEV (http://localhost:5174/node_modules/.vite/deps/react-dom_client.js?v=97d2bbdc:997:72)
    at commitHookEffectListMount (http://localhost:5174/node_modules/.vite/deps/react-dom_client.js?v=97d2bbdc:9411:163)
[ 8361448ms] [WARNING] %s

%s
 An error occurred in the <MorphIframe> component. Consider adding an error boundary to your tree to customize error handling behavior.
Visit https://react.dev/link/error-boundaries to learn more about error boundaries. @ http://localhost:5174/node_modules/.vite/deps/react-dom_client.js?v=97d2bbdc:6965
[ 8750793ms] [ERROR] Failed to load resource: the server responded with a status of 401 (Unauthorized) @ http://localhost:5174/auth/me:0
[ 8760952ms] Error: WASM module not initialized. Call initWasm() first.
    at getWasm (http://localhost:5174/src/services/wasmRenderer.ts?t=1772933455210:81:11)
    at vfsReadFile (http://localhost:5174/src/services/wasmRenderer.ts?t=1772933455210:106:16)
    at http://localhost:5174/src/utils/iframePostProcessor.ts?t=1772933455210:17:22
    at NodeList.forEach (<anonymous>)
    at postProcessIframe (http://localhost:5174/src/utils/iframePostProcessor.ts?t=1772933455210:14:50)
    at http://localhost:5174/src/components/MorphIframe.tsx?t=1772933455210:117:5
    at http://localhost:5174/src/components/MorphIframe.tsx?t=1772933455210:142:7
    at Object.react_stack_bottom_frame (http://localhost:5174/node_modules/.vite/deps/react-dom_client.js?v=97d2bbdc:18567:20)
    at runWithFiberInDEV (http://localhost:5174/node_modules/.vite/deps/react-dom_client.js?v=97d2bbdc:997:72)
    at commitHookEffectListMount (http://localhost:5174/node_modules/.vite/deps/react-dom_client.js?v=97d2bbdc:9411:163)
[ 8760952ms] [WARNING] %s

%s
 An error occurred in the <MorphIframe> component. Consider adding an error boundary to your tree to customize error handling behavior.
Visit https://react.dev/link/error-boundaries to learn more about error boundaries. @ http://localhost:5174/node_modules/.vite/deps/react-dom_client.js?v=97d2bbdc:6965
[ 8760992ms] [WARNING] Failed to analyze document: Failed to read file: I/O error: Path not found: /project/chapters/chapter2.qmd @ http://localhost:5174/src/services/intelligenceService.ts?t=1772933455210:20
[81437337ms] [ERROR] Failed to load resource: the server responded with a status of 401 (Unauthorized) @ http://localhost:5174/auth/me:0
[81437343ms] [WARNING] Module "fs" has been externalized for browser compatibility. Cannot access "fs.readFileSync" in client code. See https://vite.dev/guide/troubleshooting.html#module-externalized-for-browser-compatibility for more details. @ http://localhost:5174/node_modules/.vite/deps/ejs.js?v=97d2bbdc:10
[155135100ms] Error: WASM module not initialized. Call initWasm() first.
    at getWasm (http://localhost:5174/src/services/wasmRenderer.ts?t=1773079829332:81:11)
    at vfsReadFile (http://localhost:5174/src/services/wasmRenderer.ts?t=1773079829332:106:16)
    at http://localhost:5174/src/utils/iframePostProcessor.ts?t=1773079829332:17:22
    at NodeList.forEach (<anonymous>)
    at postProcessIframe (http://localhost:5174/src/utils/iframePostProcessor.ts?t=1773079829332:14:50)
    at http://localhost:5174/src/components/MorphIframe.tsx?t=1773079829332:117:5
    at http://localhost:5174/src/components/MorphIframe.tsx?t=1773079829332:142:7
    at Object.react_stack_bottom_frame (http://localhost:5174/node_modules/.vite/deps/react-dom_client.js?v=97d2bbdc:18567:20)
    at runWithFiberInDEV (http://localhost:5174/node_modules/.vite/deps/react-dom_client.js?v=97d2bbdc:997:72)
    at commitHookEffectListMount (http://localhost:5174/node_modules/.vite/deps/react-dom_client.js?v=97d2bbdc:9411:163)
[155135098ms] [WARNING] %s

%s
 An error occurred in the <MorphIframe> component. Consider adding an error boundary to your tree to customize error handling behavior.
Visit https://react.dev/link/error-boundaries to learn more about error boundaries. @ http://localhost:5174/node_modules/.vite/deps/react-dom_client.js?v=97d2bbdc:6965
[155135156ms] [WARNING] Failed to analyze document: Failed to read file: I/O error: Path not found: /project/chapters/chapter1.qmd @ http://localhost:5174/src/services/intelligenceService.ts?t=1773079829332:20
[155145688ms] [ERROR] Failed to load resource: the server responded with a status of 401 (Unauthorized) @ http://localhost:5174/auth/me:0
[159911559ms] Error: WASM module not initialized. Call initWasm() first.
    at getWasm (http://localhost:5174/src/services/wasmRenderer.ts?t=1773084605804:81:11)
    at vfsReadFile (http://localhost:5174/src/services/wasmRenderer.ts?t=1773084605804:106:16)
    at http://localhost:5174/src/utils/iframePostProcessor.ts?t=1773084605804:17:22
    at NodeList.forEach (<anonymous>)
    at postProcessIframe (http://localhost:5174/src/utils/iframePostProcessor.ts?t=1773084605804:14:50)
    at http://localhost:5174/src/components/MorphIframe.tsx?t=1773084605804:117:5
    at http://localhost:5174/src/components/MorphIframe.tsx?t=1773084605804:142:7
    at Object.react_stack_bottom_frame (http://localhost:5174/node_modules/.vite/deps/react-dom_client.js?v=97d2bbdc:18567:20)
    at runWithFiberInDEV (http://localhost:5174/node_modules/.vite/deps/react-dom_client.js?v=97d2bbdc:997:72)
    at commitHookEffectListMount (http://localhost:5174/node_modules/.vite/deps/react-dom_client.js?v=97d2bbdc:9411:163)
[159911557ms] [WARNING] %s

%s
 An error occurred in the <MorphIframe> component. Consider adding an error boundary to your tree to customize error handling behavior.
Visit https://react.dev/link/error-boundaries to learn more about error boundaries. @ http://localhost:5174/node_modules/.vite/deps/react-dom_client.js?v=97d2bbdc:6965
[159911606ms] [WARNING] Failed to analyze document: Failed to read file: I/O error: Path not found: /project/chapters/chapter1.qmd @ http://localhost:5174/src/services/intelligenceService.ts?t=1773084605804:20
[159921744ms] [ERROR] Failed to load resource: the server responded with a status of 401 (Unauthorized) @ http://localhost:5174/auth/me:0
[162435430ms] [ERROR] Failed to load resource: the server responded with a status of 401 (Unauthorized) @ http://localhost:5174/auth/me:0
[162435448ms] [WARNING] Module "fs" has been externalized for browser compatibility. Cannot access "fs.readFileSync" in client code. See https://vite.dev/guide/troubleshooting.html#module-externalized-for-browser-compatibility for more details. @ http://localhost:5174/node_modules/.vite/deps/ejs.js?v=97d2bbdc:10
[164008185ms] Error: WASM module not initialized. Call initWasm() first.
    at getWasm (http://localhost:5174/src/services/wasmRenderer.ts?t=1773088702418:81:11)
    at vfsReadFile (http://localhost:5174/src/services/wasmRenderer.ts?t=1773088702418:106:16)
    at http://localhost:5174/src/utils/iframePostProcessor.ts?t=1773088702418:17:22
    at NodeList.forEach (<anonymous>)
    at postProcessIframe (http://localhost:5174/src/utils/iframePostProcessor.ts?t=1773088702418:14:50)
    at http://localhost:5174/src/components/MorphIframe.tsx?t=1773088702414:117:5
    at http://localhost:5174/src/components/MorphIframe.tsx?t=1773088702414:142:7
    at Object.react_stack_bottom_frame (http://localhost:5174/node_modules/.vite/deps/react-dom_client.js?v=97d2bbdc:18567:20)
    at runWithFiberInDEV (http://localhost:5174/node_modules/.vite/deps/react-dom_client.js?v=97d2bbdc:997:72)
    at commitHookEffectListMount (http://localhost:5174/node_modules/.vite/deps/react-dom_client.js?v=97d2bbdc:9411:163)
[164008181ms] [WARNING] %s

%s
 An error occurred in the <MorphIframe> component. Consider adding an error boundary to your tree to customize error handling behavior.
Visit https://react.dev/link/error-boundaries to learn more about error boundaries. @ http://localhost:5174/node_modules/.vite/deps/react-dom_client.js?v=97d2bbdc:6965
[164008227ms] [WARNING] Failed to analyze document: Failed to read file: I/O error: Path not found: /project/chapters/chapter1.qmd @ http://localhost:5174/src/services/intelligenceService.ts?t=1773088702418:20
[164018747ms] [ERROR] Failed to load resource: the server responded with a status of 401 (Unauthorized) @ http://localhost:5174/auth/me:0
[164040938ms] [WARNING] Failed to analyze document: Failed to read file: I/O error: Path not found: /project/chapters/chapter2.qmd @ http://localhost:5174/src/services/intelligenceService.ts?t=1773088727805:20
[164041120ms] [WARNING] Failed to analyze document: Failed to read file: I/O error: Path not found: /project/chapters/chapter2.qmd @ http://localhost:5174/src/services/intelligenceService.ts?t=1773088727805:20
[164041123ms] [WARNING] Failed to get folding ranges: Failed to read file: I/O error: Path not found: /project/chapters/chapter2.qmd @ http://localhost:5174/src/services/intelligenceService.ts?t=1773088727805:44
[164041126ms] [WARNING] Failed to get symbols: Failed to read file: I/O error: Path not found: /project/chapters/chapter2.qmd @ http://localhost:5174/src/services/intelligenceService.ts?t=1773088727805:32
[164041126ms] [WARNING] Failed to get folding ranges: Failed to read file: I/O error: Path not found: /project/chapters/chapter2.qmd @ http://localhost:5174/src/services/intelligenceService.ts?t=1773088727805:44
[164044126ms] [WARNING] Failed to analyze document: Failed to read file: I/O error: Path not found: /project/chapters/chapter2.qmd @ http://localhost:5174/src/services/intelligenceService.ts?t=1773088738354:20
[164044393ms] [WARNING] Failed to get folding ranges: Failed to read file: I/O error: Path not found: /project/chapters/chapter2.qmd @ http://localhost:5174/src/services/intelligenceService.ts?t=1773088727805:44
[164044394ms] [WARNING] Failed to analyze document: Failed to read file: I/O error: Path not found: /project/chapters/chapter2.qmd @ http://localhost:5174/src/services/intelligenceService.ts?t=1773088738354:20
[164055567ms] [WARNING] Failed to analyze document: Failed to read file: I/O error: Path not found: /project/chapters/chapter2.qmd @ http://localhost:5174/src/services/intelligenceService.ts?t=1773088749779:20
[164055840ms] [WARNING] Failed to analyze document: Failed to read file: I/O error: Path not found: /project/chapters/chapter2.qmd @ http://localhost:5174/src/services/intelligenceService.ts?t=1773088749779:20
[164066068ms] [WARNING] Failed to analyze document: Failed to read file: I/O error: Path not found: /project/chapters/chapter2.qmd @ http://localhost:5174/src/services/intelligenceService.ts?t=1773088760300:20
[164066340ms] [WARNING] Failed to analyze document: Failed to read file: I/O error: Path not found: /project/chapters/chapter2.qmd @ http://localhost:5174/src/services/intelligenceService.ts?t=1773088760300:20
[164080410ms] [WARNING] Failed to analyze document: Failed to read file: I/O error: Path not found: /project/chapters/chapter2.qmd @ http://localhost:5174/src/services/intelligenceService.ts?t=1773088774633:20
[164080680ms] [WARNING] Failed to analyze document: Failed to read file: I/O error: Path not found: /project/chapters/chapter2.qmd @ http://localhost:5174/src/services/intelligenceService.ts?t=1773088774633:20
[164090756ms] [WARNING] Failed to analyze document: Failed to read file: I/O error: Path not found: /project/chapters/chapter2.qmd @ http://localhost:5174/src/services/intelligenceService.ts?t=1773088784979:20
[164091028ms] [WARNING] Failed to analyze document: Failed to read file: I/O error: Path not found: /project/chapters/chapter2.qmd @ http://localhost:5174/src/services/intelligenceService.ts?t=1773088784979:20
[164107333ms] [WARNING] Failed to analyze document: Failed to read file: I/O error: Path not found: /project/chapters/chapter2.qmd @ http://localhost:5174/src/services/intelligenceService.ts?t=1773088801547:20
[164107599ms] [WARNING] Failed to analyze document: Failed to read file: I/O error: Path not found: /project/chapters/chapter2.qmd @ http://localhost:5174/src/services/intelligenceService.ts?t=1773088801547:20
[164117800ms] [WARNING] Failed to analyze document: Failed to read file: I/O error: Path not found: /project/chapters/chapter2.qmd @ http://localhost:5174/src/services/intelligenceService.ts?t=1773088812032:20
[164118074ms] [WARNING] Failed to analyze document: Failed to read file: I/O error: Path not found: /project/chapters/chapter2.qmd @ http://localhost:5174/src/services/intelligenceService.ts?t=1773088812032:20
[164270186ms] [WARNING] Failed to analyze document: Failed to read file: I/O error: Path not found: /project/chapters/chapter2.qmd @ http://localhost:5174/src/services/intelligenceService.ts?t=1773088964389:20
[164270447ms] [WARNING] Failed to analyze document: Failed to read file: I/O error: Path not found: /project/chapters/chapter2.qmd @ http://localhost:5174/src/services/intelligenceService.ts?t=1773088964389:20
[164280723ms] [WARNING] Failed to analyze document: Failed to read file: I/O error: Path not found: /project/chapters/chapter2.qmd @ http://localhost:5174/src/services/intelligenceService.ts?t=1773088974917:20
[164280971ms] [WARNING] Failed to analyze document: Failed to read file: I/O error: Path not found: /project/chapters/chapter2.qmd @ http://localhost:5174/src/services/intelligenceService.ts?t=1773088974917:20
[164294145ms] [ERROR] Failed to load resource: the server responded with a status of 401 (Unauthorized) @ http://localhost:5174/auth/me:0
[164294150ms] [WARNING] Module "fs" has been externalized for browser compatibility. Cannot access "fs.readFileSync" in client code. See https://vite.dev/guide/troubleshooting.html#module-externalized-for-browser-compatibility for more details. @ http://localhost:5174/node_modules/.vite/deps/ejs.js?v=97d2bbdc:10
[164357851ms] [ERROR] Failed to load resource: the server responded with a status of 401 (Unauthorized) @ http://localhost:5174/auth/me:0
[164357862ms] [WARNING] Module "fs" has been externalized for browser compatibility. Cannot access "fs.readFileSync" in client code. See https://vite.dev/guide/troubleshooting.html#module-externalized-for-browser-compatibility for more details. @ http://localhost:5174/node_modules/.vite/deps/ejs.js?v=97d2bbdc:10
[171322173ms] Error: WASM module not initialized. Call initWasm() first.
    at getWasm (http://localhost:5174/src/services/wasmRenderer.ts?t=1773096016397:81:11)
    at vfsReadFile (http://localhost:5174/src/services/wasmRenderer.ts?t=1773096016397:106:16)
    at http://localhost:5174/src/utils/iframePostProcessor.ts?t=1773096016397:17:22
    at NodeList.forEach (<anonymous>)
    at postProcessIframe (http://localhost:5174/src/utils/iframePostProcessor.ts?t=1773096016397:14:50)
    at http://localhost:5174/src/components/MorphIframe.tsx?t=1773096016397:117:5
    at http://localhost:5174/src/components/MorphIframe.tsx?t=1773096016397:142:7
    at Object.react_stack_bottom_frame (http://localhost:5174/node_modules/.vite/deps/react-dom_client.js?v=97d2bbdc:18567:20)
    at runWithFiberInDEV (http://localhost:5174/node_modules/.vite/deps/react-dom_client.js?v=97d2bbdc:997:72)
    at commitHookEffectListMount (http://localhost:5174/node_modules/.vite/deps/react-dom_client.js?v=97d2bbdc:9411:163)
[171322172ms] [WARNING] %s

%s
 An error occurred in the <MorphIframe> component. Consider adding an error boundary to your tree to customize error handling behavior.
Visit https://react.dev/link/error-boundaries to learn more about error boundaries. @ http://localhost:5174/node_modules/.vite/deps/react-dom_client.js?v=97d2bbdc:6965
[171335790ms] [ERROR] Failed to load resource: the server responded with a status of 401 (Unauthorized) @ http://localhost:5174/auth/me:0
[171346649ms] Error: WASM module not initialized. Call initWasm() first.
    at getWasm (http://localhost:5174/src/services/wasmRenderer.ts?t=1773096040895:81:11)
    at vfsReadFile (http://localhost:5174/src/services/wasmRenderer.ts?t=1773096040895:106:16)
    at http://localhost:5174/src/utils/iframePostProcessor.ts?t=1773096040895:17:22
    at NodeList.forEach (<anonymous>)
    at postProcessIframe (http://localhost:5174/src/utils/iframePostProcessor.ts?t=1773096040895:14:50)
    at http://localhost:5174/src/components/MorphIframe.tsx?t=1773096040895:117:5
    at http://localhost:5174/src/components/MorphIframe.tsx?t=1773096040895:142:7
    at Object.react_stack_bottom_frame (http://localhost:5174/node_modules/.vite/deps/react-dom_client.js?v=97d2bbdc:18567:20)
    at runWithFiberInDEV (http://localhost:5174/node_modules/.vite/deps/react-dom_client.js?v=97d2bbdc:997:72)
    at commitHookEffectListMount (http://localhost:5174/node_modules/.vite/deps/react-dom_client.js?v=97d2bbdc:9411:163)
[171346649ms] [WARNING] %s

%s
 An error occurred in the <MorphIframe> component. Consider adding an error boundary to your tree to customize error handling behavior.
Visit https://react.dev/link/error-boundaries to learn more about error boundaries. @ http://localhost:5174/node_modules/.vite/deps/react-dom_client.js?v=97d2bbdc:6965
[171365175ms] [ERROR] Failed to load resource: the server responded with a status of 401 (Unauthorized) @ http://localhost:5174/auth/me:0
[171374835ms] Error: WASM module not initialized. Call initWasm() first.
    at getWasm (http://localhost:5174/src/services/wasmRenderer.ts?t=1773096069089:81:11)
    at vfsReadFile (http://localhost:5174/src/services/wasmRenderer.ts?t=1773096069089:106:16)
    at http://localhost:5174/src/utils/iframePostProcessor.ts?t=1773096069089:17:22
    at NodeList.forEach (<anonymous>)
    at postProcessIframe (http://localhost:5174/src/utils/iframePostProcessor.ts?t=1773096069089:14:50)
    at http://localhost:5174/src/components/MorphIframe.tsx?t=1773096069089:117:5
    at http://localhost:5174/src/components/MorphIframe.tsx?t=1773096069089:142:7
    at Object.react_stack_bottom_frame (http://localhost:5174/node_modules/.vite/deps/react-dom_client.js?v=97d2bbdc:18567:20)
    at runWithFiberInDEV (http://localhost:5174/node_modules/.vite/deps/react-dom_client.js?v=97d2bbdc:997:72)
    at commitHookEffectListMount (http://localhost:5174/node_modules/.vite/deps/react-dom_client.js?v=97d2bbdc:9411:163)
[171374835ms] [WARNING] %s

%s
 An error occurred in the <MorphIframe> component. Consider adding an error boundary to your tree to customize error handling behavior.
Visit https://react.dev/link/error-boundaries to learn more about error boundaries. @ http://localhost:5174/node_modules/.vite/deps/react-dom_client.js?v=97d2bbdc:6965
[171619656ms] [ERROR] Failed to load resource: the server responded with a status of 401 (Unauthorized) @ http://localhost:5174/auth/me:0
[171630093ms] Error: WASM module not initialized. Call initWasm() first.
    at getWasm (http://localhost:5174/src/services/wasmRenderer.ts?t=1773096324356:81:11)
    at vfsReadFile (http://localhost:5174/src/services/wasmRenderer.ts?t=1773096324356:106:16)
    at http://localhost:5174/src/utils/iframePostProcessor.ts?t=1773096324356:17:22
    at NodeList.forEach (<anonymous>)
    at postProcessIframe (http://localhost:5174/src/utils/iframePostProcessor.ts?t=1773096324356:14:50)
    at http://localhost:5174/src/components/MorphIframe.tsx?t=1773096324356:117:5
    at http://localhost:5174/src/components/MorphIframe.tsx?t=1773096324356:142:7
    at Object.react_stack_bottom_frame (http://localhost:5174/node_modules/.vite/deps/react-dom_client.js?v=97d2bbdc:18567:20)
    at runWithFiberInDEV (http://localhost:5174/node_modules/.vite/deps/react-dom_client.js?v=97d2bbdc:997:72)
    at commitHookEffectListMount (http://localhost:5174/node_modules/.vite/deps/react-dom_client.js?v=97d2bbdc:9411:163)
[171630093ms] [WARNING] %s

%s
 An error occurred in the <MorphIframe> component. Consider adding an error boundary to your tree to customize error handling behavior.
Visit https://react.dev/link/error-boundaries to learn more about error boundaries. @ http://localhost:5174/node_modules/.vite/deps/react-dom_client.js?v=97d2bbdc:6965
[171630133ms] [WARNING] Failed to analyze document: Failed to read file: I/O error: Path not found: /project/chapters/chapter1.qmd @ http://localhost:5174/src/services/intelligenceService.ts?t=1773096324356:20
[171645122ms] [ERROR] Failed to load resource: the server responded with a status of 401 (Unauthorized) @ http://localhost:5174/auth/me:0
[171655575ms] Error: WASM module not initialized. Call initWasm() first.
    at getWasm (http://localhost:5174/src/services/wasmRenderer.ts?t=1773096349834:81:11)
    at vfsReadFile (http://localhost:5174/src/services/wasmRenderer.ts?t=1773096349834:106:16)
    at http://localhost:5174/src/utils/iframePostProcessor.ts?t=1773096349834:17:22
    at NodeList.forEach (<anonymous>)
    at postProcessIframe (http://localhost:5174/src/utils/iframePostProcessor.ts?t=1773096349834:14:50)
    at http://localhost:5174/src/components/MorphIframe.tsx?t=1773096349834:117:5
    at http://localhost:5174/src/components/MorphIframe.tsx?t=1773096349834:142:7
    at Object.react_stack_bottom_frame (http://localhost:5174/node_modules/.vite/deps/react-dom_client.js?v=97d2bbdc:18567:20)
    at runWithFiberInDEV (http://localhost:5174/node_modules/.vite/deps/react-dom_client.js?v=97d2bbdc:997:72)
    at commitHookEffectListMount (http://localhost:5174/node_modules/.vite/deps/react-dom_client.js?v=97d2bbdc:9411:163)
[171655575ms] [WARNING] %s

%s
 An error occurred in the <MorphIframe> component. Consider adding an error boundary to your tree to customize error handling behavior.
Visit https://react.dev/link/error-boundaries to learn more about error boundaries. @ http://localhost:5174/node_modules/.vite/deps/react-dom_client.js?v=97d2bbdc:6965
[171655614ms] [WARNING] Failed to analyze document: Failed to read file: I/O error: Path not found: /project/chapters/chapter1.qmd @ http://localhost:5174/src/services/intelligenceService.ts?t=1773096349834:20
[171668029ms] [ERROR] Failed to load resource: the server responded with a status of 401 (Unauthorized) @ http://localhost:5174/auth/me:0
[171678451ms] Error: WASM module not initialized. Call initWasm() first.
    at getWasm (http://localhost:5174/src/services/wasmRenderer.ts?t=1773096372710:81:11)
    at vfsReadFile (http://localhost:5174/src/services/wasmRenderer.ts?t=1773096372710:106:16)
    at http://localhost:5174/src/utils/iframePostProcessor.ts?t=1773096372710:17:22
    at NodeList.forEach (<anonymous>)
    at postProcessIframe (http://localhost:5174/src/utils/iframePostProcessor.ts?t=1773096372710:14:50)
    at http://localhost:5174/src/components/MorphIframe.tsx?t=1773096372710:117:5
    at http://localhost:5174/src/components/MorphIframe.tsx?t=1773096372710:142:7
    at Object.react_stack_bottom_frame (http://localhost:5174/node_modules/.vite/deps/react-dom_client.js?v=97d2bbdc:18567:20)
    at runWithFiberInDEV (http://localhost:5174/node_modules/.vite/deps/react-dom_client.js?v=97d2bbdc:997:72)
    at commitHookEffectListMount (http://localhost:5174/node_modules/.vite/deps/react-dom_client.js?v=97d2bbdc:9411:163)
[171678447ms] [WARNING] %s

%s
 An error occurred in the <MorphIframe> component. Consider adding an error boundary to your tree to customize error handling behavior.
Visit https://react.dev/link/error-boundaries to learn more about error boundaries. @ http://localhost:5174/node_modules/.vite/deps/react-dom_client.js?v=97d2bbdc:6965
[171678478ms] [WARNING] Failed to analyze document: Failed to read file: I/O error: Path not found: /project/chapters/chapter1.qmd @ http://localhost:5174/src/services/intelligenceService.ts?t=1773096372710:20
[171693921ms] [ERROR] Failed to load resource: the server responded with a status of 401 (Unauthorized) @ http://localhost:5174/auth/me:0
[171704504ms] Error: WASM module not initialized. Call initWasm() first.
    at getWasm (http://localhost:5174/src/services/wasmRenderer.ts?t=1773096398766:81:11)
    at vfsReadFile (http://localhost:5174/src/services/wasmRenderer.ts?t=1773096398766:106:16)
    at http://localhost:5174/src/utils/iframePostProcessor.ts?t=1773096398766:17:22
    at NodeList.forEach (<anonymous>)
    at postProcessIframe (http://localhost:5174/src/utils/iframePostProcessor.ts?t=1773096398766:14:50)
    at http://localhost:5174/src/components/MorphIframe.tsx?t=1773096398766:117:5
    at http://localhost:5174/src/components/MorphIframe.tsx?t=1773096398766:142:7
    at Object.react_stack_bottom_frame (http://localhost:5174/node_modules/.vite/deps/react-dom_client.js?v=97d2bbdc:18567:20)
    at runWithFiberInDEV (http://localhost:5174/node_modules/.vite/deps/react-dom_client.js?v=97d2bbdc:997:72)
    at commitHookEffectListMount (http://localhost:5174/node_modules/.vite/deps/react-dom_client.js?v=97d2bbdc:9411:163)
[171704502ms] [WARNING] %s

%s
 An error occurred in the <MorphIframe> component. Consider adding an error boundary to your tree to customize error handling behavior.
Visit https://react.dev/link/error-boundaries to learn more about error boundaries. @ http://localhost:5174/node_modules/.vite/deps/react-dom_client.js?v=97d2bbdc:6965
[171704539ms] [WARNING] Failed to analyze document: Failed to read file: I/O error: Path not found: /project/chapters/chapter1.qmd @ http://localhost:5174/src/services/intelligenceService.ts?t=1773096398766:20
[171725042ms] [ERROR] Failed to load resource: the server responded with a status of 401 (Unauthorized) @ http://localhost:5174/auth/me:0
[171735488ms] Error: WASM module not initialized. Call initWasm() first.
    at getWasm (http://localhost:5174/src/services/wasmRenderer.ts?t=1773096429746:81:11)
    at vfsReadFile (http://localhost:5174/src/services/wasmRenderer.ts?t=1773096429746:106:16)
    at http://localhost:5174/src/utils/iframePostProcessor.ts?t=1773096429746:17:22
    at NodeList.forEach (<anonymous>)
    at postProcessIframe (http://localhost:5174/src/utils/iframePostProcessor.ts?t=1773096429746:14:50)
    at http://localhost:5174/src/components/MorphIframe.tsx?t=1773096429746:117:5
    at http://localhost:5174/src/components/MorphIframe.tsx?t=1773096429746:142:7
    at Object.react_stack_bottom_frame (http://localhost:5174/node_modules/.vite/deps/react-dom_client.js?v=97d2bbdc:18567:20)
    at runWithFiberInDEV (http://localhost:5174/node_modules/.vite/deps/react-dom_client.js?v=97d2bbdc:997:72)
    at commitHookEffectListMount (http://localhost:5174/node_modules/.vite/deps/react-dom_client.js?v=97d2bbdc:9411:163)
[171735487ms] [WARNING] %s

%s
 An error occurred in the <MorphIframe> component. Consider adding an error boundary to your tree to customize error handling behavior.
Visit https://react.dev/link/error-boundaries to learn more about error boundaries. @ http://localhost:5174/node_modules/.vite/deps/react-dom_client.js?v=97d2bbdc:6965
[171735520ms] [WARNING] Failed to analyze document: Failed to read file: I/O error: Path not found: /project/chapters/chapter1.qmd @ http://localhost:5174/src/services/intelligenceService.ts?t=1773096429746:20
[171750845ms] [ERROR] Failed to load resource: the server responded with a status of 401 (Unauthorized) @ http://localhost:5174/auth/me:0
[171761304ms] Error: WASM module not initialized. Call initWasm() first.
    at getWasm (http://localhost:5174/src/services/wasmRenderer.ts?t=1773096455565:81:11)
    at vfsReadFile (http://localhost:5174/src/services/wasmRenderer.ts?t=1773096455565:106:16)
    at http://localhost:5174/src/utils/iframePostProcessor.ts?t=1773096455565:17:22
    at NodeList.forEach (<anonymous>)
    at postProcessIframe (http://localhost:5174/src/utils/iframePostProcessor.ts?t=1773096455565:14:50)
    at http://localhost:5174/src/components/MorphIframe.tsx?t=1773096455565:117:5
    at http://localhost:5174/src/components/MorphIframe.tsx?t=1773096455565:142:7
    at Object.react_stack_bottom_frame (http://localhost:5174/node_modules/.vite/deps/react-dom_client.js?v=97d2bbdc:18567:20)
    at runWithFiberInDEV (http://localhost:5174/node_modules/.vite/deps/react-dom_client.js?v=97d2bbdc:997:72)
    at commitHookEffectListMount (http://localhost:5174/node_modules/.vite/deps/react-dom_client.js?v=97d2bbdc:9411:163)
[171761303ms] [WARNING] %s

%s
 An error occurred in the <MorphIframe> component. Consider adding an error boundary to your tree to customize error handling behavior.
Visit https://react.dev/link/error-boundaries to learn more about error boundaries. @ http://localhost:5174/node_modules/.vite/deps/react-dom_client.js?v=97d2bbdc:6965
[171761342ms] [WARNING] Failed to analyze document: Failed to read file: I/O error: Path not found: /project/chapters/chapter1.qmd @ http://localhost:5174/src/services/intelligenceService.ts?t=1773096455565:20
[173519716ms] [ERROR] Failed to load resource: the server responded with a status of 401 (Unauthorized) @ http://localhost:5174/auth/me:0
[173530002ms] Error: WASM module not initialized. Call initWasm() first.
    at getWasm (http://localhost:5174/src/services/wasmRenderer.ts?t=1773098224260:81:11)
    at vfsReadFile (http://localhost:5174/src/services/wasmRenderer.ts?t=1773098224260:106:16)
    at http://localhost:5174/src/utils/iframePostProcessor.ts?t=1773098224260:17:22
    at NodeList.forEach (<anonymous>)
    at postProcessIframe (http://localhost:5174/src/utils/iframePostProcessor.ts?t=1773098224260:14:50)
    at http://localhost:5174/src/components/MorphIframe.tsx?t=1773098224260:117:5
    at http://localhost:5174/src/components/MorphIframe.tsx?t=1773098224260:142:7
    at Object.react_stack_bottom_frame (http://localhost:5174/node_modules/.vite/deps/react-dom_client.js?v=97d2bbdc:18567:20)
    at runWithFiberInDEV (http://localhost:5174/node_modules/.vite/deps/react-dom_client.js?v=97d2bbdc:997:72)
    at commitHookEffectListMount (http://localhost:5174/node_modules/.vite/deps/react-dom_client.js?v=97d2bbdc:9411:163)
[173530000ms] [WARNING] %s

%s
 An error occurred in the <MorphIframe> component. Consider adding an error boundary to your tree to customize error handling behavior.
Visit https://react.dev/link/error-boundaries to learn more about error boundaries. @ http://localhost:5174/node_modules/.vite/deps/react-dom_client.js?v=97d2bbdc:6965
[173530043ms] [WARNING] Failed to analyze document: Failed to read file: I/O error: Path not found: /project/chapters/chapter1.qmd @ http://localhost:5174/src/services/intelligenceService.ts?t=1773098224260:20
[173575887ms] [ERROR] Failed to load resource: the server responded with a status of 401 (Unauthorized) @ http://localhost:5174/auth/me:0
[173586244ms] Error: WASM module not initialized. Call initWasm() first.
    at getWasm (http://localhost:5174/src/services/wasmRenderer.ts?t=1773098280501:81:11)
    at vfsReadFile (http://localhost:5174/src/services/wasmRenderer.ts?t=1773098280501:106:16)
    at http://localhost:5174/src/utils/iframePostProcessor.ts?t=1773098280501:17:22
    at NodeList.forEach (<anonymous>)
    at postProcessIframe (http://localhost:5174/src/utils/iframePostProcessor.ts?t=1773098280501:14:50)
    at http://localhost:5174/src/components/MorphIframe.tsx?t=1773098280501:117:5
    at http://localhost:5174/src/components/MorphIframe.tsx?t=1773098280501:142:7
    at Object.react_stack_bottom_frame (http://localhost:5174/node_modules/.vite/deps/react-dom_client.js?v=97d2bbdc:18567:20)
    at runWithFiberInDEV (http://localhost:5174/node_modules/.vite/deps/react-dom_client.js?v=97d2bbdc:997:72)
    at commitHookEffectListMount (http://localhost:5174/node_modules/.vite/deps/react-dom_client.js?v=97d2bbdc:9411:163)
[173586239ms] [WARNING] %s

%s
 An error occurred in the <MorphIframe> component. Consider adding an error boundary to your tree to customize error handling behavior.
Visit https://react.dev/link/error-boundaries to learn more about error boundaries. @ http://localhost:5174/node_modules/.vite/deps/react-dom_client.js?v=97d2bbdc:6965
[173586274ms] [WARNING] Failed to analyze document: Failed to read file: I/O error: Path not found: /project/chapters/chapter1.qmd @ http://localhost:5174/src/services/intelligenceService.ts?t=1773098280501:20
[173622500ms] [ERROR] Failed to load resource: the server responded with a status of 401 (Unauthorized) @ http://localhost:5174/auth/me:0
[173632799ms] Error: WASM module not initialized. Call initWasm() first.
    at getWasm (http://localhost:5174/src/services/wasmRenderer.ts?t=1773098327053:81:11)
    at vfsReadFile (http://localhost:5174/src/services/wasmRenderer.ts?t=1773098327053:106:16)
    at http://localhost:5174/src/utils/iframePostProcessor.ts?t=1773098327053:17:22
    at NodeList.forEach (<anonymous>)
    at postProcessIframe (http://localhost:5174/src/utils/iframePostProcessor.ts?t=1773098327053:14:50)
    at http://localhost:5174/src/components/MorphIframe.tsx?t=1773098327053:117:5
    at http://localhost:5174/src/components/MorphIframe.tsx?t=1773098327053:142:7
    at Object.react_stack_bottom_frame (http://localhost:5174/node_modules/.vite/deps/react-dom_client.js?v=97d2bbdc:18567:20)
    at runWithFiberInDEV (http://localhost:5174/node_modules/.vite/deps/react-dom_client.js?v=97d2bbdc:997:72)
    at commitHookEffectListMount (http://localhost:5174/node_modules/.vite/deps/react-dom_client.js?v=97d2bbdc:9411:163)
[173632797ms] [WARNING] %s

%s
 An error occurred in the <MorphIframe> component. Consider adding an error boundary to your tree to customize error handling behavior.
Visit https://react.dev/link/error-boundaries to learn more about error boundaries. @ http://localhost:5174/node_modules/.vite/deps/react-dom_client.js?v=97d2bbdc:6965
[173632850ms] [WARNING] Failed to analyze document: Failed to read file: I/O error: Path not found: /project/chapters/chapter1.qmd @ http://localhost:5174/src/services/intelligenceService.ts?t=1773098327053:20
[173796497ms] [ERROR] Failed to load resource: the server responded with a status of 401 (Unauthorized) @ http://localhost:5174/auth/me:0
[173807788ms] [WARNING] Failed to analyze document: Failed to read file: I/O error: Path not found: /project/chapters/chapter1.qmd @ http://localhost:5174/src/services/intelligenceService.ts?t=1773098501068:20
[173808027ms] [WARNING] Failed to analyze document: Failed to read file: I/O error: Path not found: /project/chapters/chapter1.qmd @ http://localhost:5174/src/services/intelligenceService.ts?t=1773098501068:20
[173808030ms] [WARNING] Failed to get folding ranges: Failed to read file: I/O error: Path not found: /project/chapters/chapter1.qmd @ http://localhost:5174/src/services/intelligenceService.ts?t=1773098501068:44
[173808036ms] [WARNING] Failed to get symbols: Failed to read file: I/O error: Path not found: /project/chapters/chapter1.qmd @ http://localhost:5174/src/services/intelligenceService.ts?t=1773098501068:32
[173808036ms] [WARNING] Failed to get folding ranges: Failed to read file: I/O error: Path not found: /project/chapters/chapter1.qmd @ http://localhost:5174/src/services/intelligenceService.ts?t=1773098501068:44
[173810290ms] [WARNING] Failed to analyze document: Failed to read file: I/O error: Path not found: /project/chapters/chapter2.qmd @ http://localhost:5174/src/services/intelligenceService.ts?t=1773098501068:20
[173810570ms] [WARNING] Failed to analyze document: Failed to read file: I/O error: Path not found: /project/chapters/chapter2.qmd @ http://localhost:5174/src/services/intelligenceService.ts?t=1773098501068:20
[173810577ms] [WARNING] Failed to get folding ranges: Failed to read file: I/O error: Path not found: /project/chapters/chapter2.qmd @ http://localhost:5174/src/services/intelligenceService.ts?t=1773098501068:44
[173810615ms] [WARNING] Failed to get symbols: Failed to read file: I/O error: Path not found: /project/chapters/chapter2.qmd @ http://localhost:5174/src/services/intelligenceService.ts?t=1773098501068:32
[173810615ms] [WARNING] Failed to get folding ranges: Failed to read file: I/O error: Path not found: /project/chapters/chapter2.qmd @ http://localhost:5174/src/services/intelligenceService.ts?t=1773098501068:44
[173812990ms] [WARNING] Failed to analyze document: Failed to read file: I/O error: Path not found: /project/chapters/chapter1.qmd @ http://localhost:5174/src/services/intelligenceService.ts?t=1773098501068:20
[173813257ms] [WARNING] Failed to analyze document: Failed to read file: I/O error: Path not found: /project/chapters/chapter1.qmd @ http://localhost:5174/src/services/intelligenceService.ts?t=1773098501068:20
[173813266ms] [WARNING] Failed to get folding ranges: Failed to read file: I/O error: Path not found: /project/chapters/chapter1.qmd @ http://localhost:5174/src/services/intelligenceService.ts?t=1773098501068:44
[173813303ms] [WARNING] Failed to get symbols: Failed to read file: I/O error: Path not found: /project/chapters/chapter1.qmd @ http://localhost:5174/src/services/intelligenceService.ts?t=1773098501068:32
[173813304ms] [WARNING] Failed to get folding ranges: Failed to read file: I/O error: Path not found: /project/chapters/chapter1.qmd @ http://localhost:5174/src/services/intelligenceService.ts?t=1773098501068:44
[173816279ms] [WARNING] Failed to analyze document: Failed to read file: I/O error: Path not found: /project/chapters/chapter1.qmd @ http://localhost:5174/src/services/intelligenceService.ts?t=1773098501068:20
[173816556ms] [WARNING] Failed to analyze document: Failed to read file: I/O error: Path not found: /project/chapters/chapter1.qmd @ http://localhost:5174/src/services/intelligenceService.ts?t=1773098501068:20
[173816562ms] [WARNING] Failed to get folding ranges: Failed to read file: I/O error: Path not found: /project/chapters/chapter1.qmd @ http://localhost:5174/src/services/intelligenceService.ts?t=1773098501068:44
[173816584ms] [WARNING] Failed to get symbols: Failed to read file: I/O error: Path not found: /project/chapters/chapter1.qmd @ http://localhost:5174/src/services/intelligenceService.ts?t=1773098501068:32
[173816585ms] [WARNING] Failed to get folding ranges: Failed to read file: I/O error: Path not found: /project/chapters/chapter1.qmd @ http://localhost:5174/src/services/intelligenceService.ts?t=1773098501068:44
[173817455ms] [WARNING] Failed to analyze document: Failed to read file: I/O error: Path not found: /project/chapters/chapter2.qmd @ http://localhost:5174/src/services/intelligenceService.ts?t=1773098501068:20
[173817742ms] [WARNING] Failed to analyze document: Failed to read file: I/O error: Path not found: /project/chapters/chapter2.qmd @ http://localhost:5174/src/services/intelligenceService.ts?t=1773098501068:20
[173817747ms] [WARNING] Failed to get folding ranges: Failed to read file: I/O error: Path not found: /project/chapters/chapter2.qmd @ http://localhost:5174/src/services/intelligenceService.ts?t=1773098501068:44
[173817783ms] [WARNING] Failed to get symbols: Failed to read file: I/O error: Path not found: /project/chapters/chapter2.qmd @ http://localhost:5174/src/services/intelligenceService.ts?t=1773098501068:32
[173817783ms] [WARNING] Failed to get folding ranges: Failed to read file: I/O error: Path not found: /project/chapters/chapter2.qmd @ http://localhost:5174/src/services/intelligenceService.ts?t=1773098501068:44
[173864407ms] [ERROR] Failed to load resource: the server responded with a status of 401 (Unauthorized) @ http://localhost:5174/auth/me:0
[173864411ms] [WARNING] Module "fs" has been externalized for browser compatibility. Cannot access "fs.readFileSync" in client code. See https://vite.dev/guide/troubleshooting.html#module-externalized-for-browser-compatibility for more details. @ http://localhost:5174/node_modules/.vite/deps/ejs.js?v=97d2bbdc:10
[173932734ms] Error: WASM module not initialized. Call initWasm() first.
    at getWasm (http://localhost:5174/src/services/wasmRenderer.ts?t=1773098626987:81:11)
    at vfsReadFile (http://localhost:5174/src/services/wasmRenderer.ts?t=1773098626987:106:16)
    at http://localhost:5174/src/utils/iframePostProcessor.ts?t=1773098626987:17:22
    at NodeList.forEach (<anonymous>)
    at postProcessIframe (http://localhost:5174/src/utils/iframePostProcessor.ts?t=1773098626987:14:50)
    at http://localhost:5174/src/components/MorphIframe.tsx?t=1773098626987:117:5
    at http://localhost:5174/src/components/MorphIframe.tsx?t=1773098626987:142:7
    at Object.react_stack_bottom_frame (http://localhost:5174/node_modules/.vite/deps/react-dom_client.js?v=97d2bbdc:18567:20)
    at runWithFiberInDEV (http://localhost:5174/node_modules/.vite/deps/react-dom_client.js?v=97d2bbdc:997:72)
    at commitHookEffectListMount (http://localhost:5174/node_modules/.vite/deps/react-dom_client.js?v=97d2bbdc:9411:163)
[173932733ms] [WARNING] %s

%s
 An error occurred in the <MorphIframe> component. Consider adding an error boundary to your tree to customize error handling behavior.
Visit https://react.dev/link/error-boundaries to learn more about error boundaries. @ http://localhost:5174/node_modules/.vite/deps/react-dom_client.js?v=97d2bbdc:6965
[173932770ms] [WARNING] Failed to analyze document: Failed to read file: I/O error: Path not found: /project/chapters/chapter1.qmd @ http://localhost:5174/src/services/intelligenceService.ts?t=1773098626987:20
[173943354ms] [ERROR] Failed to load resource: the server responded with a status of 401 (Unauthorized) @ http://localhost:5174/auth/me:0
[175849195ms] Error: WASM module not initialized. Call initWasm() first.
    at getWasm (http://localhost:5174/src/services/wasmRenderer.ts?t=1773100543442:81:11)
    at vfsReadFile (http://localhost:5174/src/services/wasmRenderer.ts?t=1773100543442:106:16)
    at http://localhost:5174/src/utils/iframePostProcessor.ts?t=1773100543442:17:22
    at NodeList.forEach (<anonymous>)
    at postProcessIframe (http://localhost:5174/src/utils/iframePostProcessor.ts?t=1773100543442:14:50)
    at http://localhost:5174/src/components/MorphIframe.tsx?t=1773100543442:117:5
    at http://localhost:5174/src/components/MorphIframe.tsx?t=1773100543442:142:7
    at Object.react_stack_bottom_frame (http://localhost:5174/node_modules/.vite/deps/react-dom_client.js?v=97d2bbdc:18567:20)
    at runWithFiberInDEV (http://localhost:5174/node_modules/.vite/deps/react-dom_client.js?v=97d2bbdc:997:72)
    at commitHookEffectListMount (http://localhost:5174/node_modules/.vite/deps/react-dom_client.js?v=97d2bbdc:9411:163)
[175849195ms] [WARNING] %s

%s
 An error occurred in the <MorphIframe> component. Consider adding an error boundary to your tree to customize error handling behavior.
Visit https://react.dev/link/error-boundaries to learn more about error boundaries. @ http://localhost:5174/node_modules/.vite/deps/react-dom_client.js?v=97d2bbdc:6965
[175849233ms] [WARNING] Failed to analyze document: Failed to read file: I/O error: Path not found: /project/index.qmd @ http://localhost:5174/src/services/intelligenceService.ts?t=1773100543442:20
[175859773ms] [ERROR] Failed to load resource: the server responded with a status of 401 (Unauthorized) @ http://localhost:5174/auth/me:0
[176676245ms] [ERROR] Failed to load resource: the server responded with a status of 401 (Unauthorized) @ http://localhost:5174/auth/me:0
[176676251ms] [WARNING] Module "fs" has been externalized for browser compatibility. Cannot access "fs.readFileSync" in client code. See https://vite.dev/guide/troubleshooting.html#module-externalized-for-browser-compatibility for more details. @ http://localhost:5174/node_modules/.vite/deps/ejs.js?v=97d2bbdc:10
[232663039ms] Error: WASM module not initialized. Call initWasm() first.
    at getWasm (http://localhost:5174/src/services/wasmRenderer.ts?t=1773157357242:81:11)
    at vfsReadFile (http://localhost:5174/src/services/wasmRenderer.ts?t=1773157357242:106:16)
    at http://localhost:5174/src/utils/iframePostProcessor.ts?t=1773157357242:17:22
    at NodeList.forEach (<anonymous>)
    at postProcessIframe (http://localhost:5174/src/utils/iframePostProcessor.ts?t=1773157357242:14:50)
    at http://localhost:5174/src/components/MorphIframe.tsx?t=1773157357242:117:5
    at http://localhost:5174/src/components/MorphIframe.tsx?t=1773157357242:142:7
    at Object.react_stack_bottom_frame (http://localhost:5174/node_modules/.vite/deps/react-dom_client.js?v=97d2bbdc:18567:20)
    at runWithFiberInDEV (http://localhost:5174/node_modules/.vite/deps/react-dom_client.js?v=97d2bbdc:997:72)
    at commitHookEffectListMount (http://localhost:5174/node_modules/.vite/deps/react-dom_client.js?v=97d2bbdc:9411:163)
[232663035ms] [WARNING] %s

%s
 An error occurred in the <MorphIframe> component. Consider adding an error boundary to your tree to customize error handling behavior.
Visit https://react.dev/link/error-boundaries to learn more about error boundaries. @ http://localhost:5174/node_modules/.vite/deps/react-dom_client.js?v=97d2bbdc:6965
[232663075ms] [WARNING] Failed to analyze document: Failed to read file: I/O error: Path not found: /project/chapters/chapter1.qmd @ http://localhost:5174/src/services/intelligenceService.ts?t=1773157357242:20
[235918578ms] [ERROR] Failed to load resource: the server responded with a status of 404 (Not Found) @ http://localhost:5174/src/services/sassCache.ts?t=1773160612844:0
[235918578ms] [ERROR] [vite] Failed to reload /src/components/ReactPreview.tsx. This could be due to syntax errors or importing non-existent modules. (see errors above) @ http://localhost:5174/@vite/client:808
[235918578ms] [ERROR] [vite] Failed to reload /src/components/tabs/AboutTab.tsx. This could be due to syntax errors or importing non-existent modules. (see errors above) @ http://localhost:5174/@vite/client:808
[235918578ms] [ERROR] [vite] Failed to reload /src/components/ReactAstSlideRenderer.tsx. This could be due to syntax errors or importing non-existent modules. (see errors above) @ http://localhost:5174/@vite/client:808
[235918578ms] [ERROR] [vite] Failed to reload /src/App.tsx. This could be due to syntax errors or importing non-existent modules. (see errors above) @ http://localhost:5174/@vite/client:808
[235918578ms] [ERROR] [vite] Failed to reload /src/components/PreviewRouter.tsx. This could be due to syntax errors or importing non-existent modules. (see errors above) @ http://localhost:5174/@vite/client:808
[235918578ms] [ERROR] [vite] Failed to reload /src/components/Editor.tsx. This could be due to syntax errors or importing non-existent modules. (see errors above) @ http://localhost:5174/@vite/client:808
[235918578ms] [ERROR] [vite] Failed to reload /src/components/NewFileDialog.tsx. This could be due to syntax errors or importing non-existent modules. (see errors above) @ http://localhost:5174/@vite/client:808
[235918578ms] [ERROR] [vite] Failed to reload /src/components/Preview.tsx. This could be due to syntax errors or importing non-existent modules. (see errors above) @ http://localhost:5174/@vite/client:808
[235918578ms] [ERROR] [vite] Failed to reload /src/components/MorphIframe.tsx. This could be due to syntax errors or importing non-existent modules. (see errors above) @ http://localhost:5174/@vite/client:808
[235918578ms] [ERROR] [vite] Failed to reload /src/components/ProjectSelector.tsx. This could be due to syntax errors or importing non-existent modules. (see errors above) @ http://localhost:5174/@vite/client:808
[235923134ms] [ERROR] [vite] Failed to reload /src/App.tsx. This could be due to syntax errors or importing non-existent modules. (see errors above) @ http://localhost:5174/@vite/client:808
[235923135ms] [ERROR] [vite] Failed to reload /src/components/ProjectSelector.tsx. This could be due to syntax errors or importing non-existent modules. (see errors above) @ http://localhost:5174/@vite/client:808
[235923137ms] [ERROR] [vite] Failed to reload /src/components/Editor.tsx. This could be due to syntax errors or importing non-existent modules. (see errors above) @ http://localhost:5174/@vite/client:808
[235930030ms] [ERROR] [vite] Failed to reload /src/App.tsx. This could be due to syntax errors or importing non-existent modules. (see errors above) @ http://localhost:5174/@vite/client:808
[235930031ms] [ERROR] [vite] Failed to reload /src/components/ProjectSelector.tsx. This could be due to syntax errors or importing non-existent modules. (see errors above) @ http://localhost:5174/@vite/client:808
[235930033ms] [ERROR] [vite] Failed to reload /src/components/Editor.tsx. This could be due to syntax errors or importing non-existent modules. (see errors above) @ http://localhost:5174/@vite/client:808
[235967694ms] [ERROR] [vite] Failed to reload /src/App.tsx. This could be due to syntax errors or importing non-existent modules. (see errors above) @ http://localhost:5174/@vite/client:808
[235967695ms] [ERROR] [vite] Failed to reload /src/components/ProjectSelector.tsx. This could be due to syntax errors or importing non-existent modules. (see errors above) @ http://localhost:5174/@vite/client:808
[235967696ms] [ERROR] [vite] Failed to reload /src/components/Editor.tsx. This could be due to syntax errors or importing non-existent modules. (see errors above) @ http://localhost:5174/@vite/client:808
[235974532ms] [ERROR] [vite] Failed to reload /src/App.tsx. This could be due to syntax errors or importing non-existent modules. (see errors above) @ http://localhost:5174/@vite/client:808
[235974533ms] [ERROR] [vite] Failed to reload /src/components/ProjectSelector.tsx. This could be due to syntax errors or importing non-existent modules. (see errors above) @ http://localhost:5174/@vite/client:808
[235974534ms] [ERROR] [vite] Failed to reload /src/components/Editor.tsx. This could be due to syntax errors or importing non-existent modules. (see errors above) @ http://localhost:5174/@vite/client:808
[235988332ms] [ERROR] Failed to load resource: the server responded with a status of 401 (Unauthorized) @ http://localhost:5174/auth/me:0
[235988426ms] [WARNING] [renderToHtml] Failed to read CSS artifact for versioning: ReferenceError: computeHash is not defined
    at renderToHtml (http://localhost:5174/src/services/wasmRenderer.ts?t=1773160682566:263:11)
    at async doRender (http://localhost:5174/src/components/Preview.tsx?t=1773160682566:161:20)
    at async http://localhost:5174/src/components/Preview.tsx?t=1773160682566:286:20 @ http://localhost:5174/src/services/wasmRenderer.ts?t=1773160682566:265
[235995464ms] Error: WASM module not initialized. Call initWasm() first.
    at getWasm (http://localhost:5174/src/services/wasmRenderer.ts?t=1773160689719:80:11)
    at vfsReadFile (http://localhost:5174/src/services/wasmRenderer.ts?t=1773160689719:105:16)
    at http://localhost:5174/src/utils/iframePostProcessor.ts?t=1773160689719:17:22
    at NodeList.forEach (<anonymous>)
    at postProcessIframe (http://localhost:5174/src/utils/iframePostProcessor.ts?t=1773160689719:14:50)
    at http://localhost:5174/src/components/MorphIframe.tsx?t=1773160689719:117:5
    at http://localhost:5174/src/components/MorphIframe.tsx?t=1773160689719:142:7
    at Object.react_stack_bottom_frame (http://localhost:5174/node_modules/.vite/deps/react-dom_client.js?v=97d2bbdc:18567:20)
    at runWithFiberInDEV (http://localhost:5174/node_modules/.vite/deps/react-dom_client.js?v=97d2bbdc:997:72)
    at commitHookEffectListMount (http://localhost:5174/node_modules/.vite/deps/react-dom_client.js?v=97d2bbdc:9411:163)
[235995464ms] [WARNING] %s

%s
 An error occurred in the <MorphIframe> component. Consider adding an error boundary to your tree to customize error handling behavior.
Visit https://react.dev/link/error-boundaries to learn more about error boundaries. @ http://localhost:5174/node_modules/.vite/deps/react-dom_client.js?v=97d2bbdc:6965
[235995488ms] [WARNING] [renderToHtml] Failed to read CSS artifact for versioning: ReferenceError: computeHash is not defined
    at renderToHtml (http://localhost:5174/src/services/wasmRenderer.ts?t=1773160689719:263:11)
    at async doRender (http://localhost:5174/src/components/Preview.tsx?t=1773160689719:161:20)
    at async http://localhost:5174/src/components/Preview.tsx?t=1773160689719:286:20 @ http://localhost:5174/src/services/wasmRenderer.ts?t=1773160689719:265
[236002488ms] [ERROR] Failed to load resource: the server responded with a status of 401 (Unauthorized) @ http://localhost:5174/auth/me:0
[236002569ms] [WARNING] [renderToHtml] Failed to read CSS artifact for versioning: ReferenceError: computeHash is not defined
    at renderToHtml (http://localhost:5174/src/services/wasmRenderer.ts?t=1773160696743:262:11)
    at async doRender (http://localhost:5174/src/components/Preview.tsx?t=1773160696743:161:20)
    at async http://localhost:5174/src/components/Preview.tsx?t=1773160696743:286:20 @ http://localhost:5174/src/services/wasmRenderer.ts?t=1773160696743:264
[236011412ms] Error: WASM module not initialized. Call initWasm() first.
    at getWasm (http://localhost:5174/src/services/wasmRenderer.ts?t=1773160705664:55:11)
    at vfsReadFile (http://localhost:5174/src/services/wasmRenderer.ts?t=1773160705664:80:16)
    at http://localhost:5174/src/utils/iframePostProcessor.ts?t=1773160705664:17:22
    at NodeList.forEach (<anonymous>)
    at postProcessIframe (http://localhost:5174/src/utils/iframePostProcessor.ts?t=1773160705664:14:50)
    at http://localhost:5174/src/components/MorphIframe.tsx?t=1773160705664:117:5
    at http://localhost:5174/src/components/MorphIframe.tsx?t=1773160705664:142:7
    at Object.react_stack_bottom_frame (http://localhost:5174/node_modules/.vite/deps/react-dom_client.js?v=97d2bbdc:18567:20)
    at runWithFiberInDEV (http://localhost:5174/node_modules/.vite/deps/react-dom_client.js?v=97d2bbdc:997:72)
    at commitHookEffectListMount (http://localhost:5174/node_modules/.vite/deps/react-dom_client.js?v=97d2bbdc:9411:163)
[236011410ms] [WARNING] %s

%s
 An error occurred in the <MorphIframe> component. Consider adding an error boundary to your tree to customize error handling behavior.
Visit https://react.dev/link/error-boundaries to learn more about error boundaries. @ http://localhost:5174/node_modules/.vite/deps/react-dom_client.js?v=97d2bbdc:6965
[236011433ms] [WARNING] [renderToHtml] Failed to read CSS artifact for versioning: ReferenceError: computeHash is not defined
    at renderToHtml (http://localhost:5174/src/services/wasmRenderer.ts?t=1773160705664:238:11)
    at async doRender (http://localhost:5174/src/components/Preview.tsx?t=1773160705664:161:20)
    at async http://localhost:5174/src/components/Preview.tsx?t=1773160705664:286:20 @ http://localhost:5174/src/services/wasmRenderer.ts?t=1773160705664:240
[236032528ms] [ERROR] Failed to load resource: the server responded with a status of 401 (Unauthorized) @ http://localhost:5174/auth/me:0
[236057828ms] Error: WASM module not initialized. Call initWasm() first.
    at getWasm (http://localhost:5174/src/services/wasmRenderer.ts?t=1773160752084:55:11)
    at vfsReadFile (http://localhost:5174/src/services/wasmRenderer.ts?t=1773160752084:80:16)
    at http://localhost:5174/src/utils/iframePostProcessor.ts?t=1773160752084:17:22
    at NodeList.forEach (<anonymous>)
    at postProcessIframe (http://localhost:5174/src/utils/iframePostProcessor.ts?t=1773160752084:14:50)
    at http://localhost:5174/src/components/MorphIframe.tsx?t=1773160752084:117:5
    at http://localhost:5174/src/components/MorphIframe.tsx?t=1773160752084:142:7
    at Object.react_stack_bottom_frame (http://localhost:5174/node_modules/.vite/deps/react-dom_client.js?v=97d2bbdc:18567:20)
    at runWithFiberInDEV (http://localhost:5174/node_modules/.vite/deps/react-dom_client.js?v=97d2bbdc:997:72)
    at commitHookEffectListMount (http://localhost:5174/node_modules/.vite/deps/react-dom_client.js?v=97d2bbdc:9411:163)
[236057828ms] [WARNING] %s

%s
 An error occurred in the <MorphIframe> component. Consider adding an error boundary to your tree to customize error handling behavior.
Visit https://react.dev/link/error-boundaries to learn more about error boundaries. @ http://localhost:5174/node_modules/.vite/deps/react-dom_client.js?v=97d2bbdc:6965
[236145506ms] [ERROR] Failed to load resource: the server responded with a status of 401 (Unauthorized) @ http://localhost:5174/auth/me:0
[236155894ms] Error: WASM module not initialized. Call initWasm() first.
    at getWasm (http://localhost:5174/src/services/wasmRenderer.ts?t=1773160850155:55:11)
    at vfsReadFile (http://localhost:5174/src/services/wasmRenderer.ts?t=1773160850155:80:16)
    at http://localhost:5174/src/utils/iframePostProcessor.ts?t=1773160850155:17:22
    at NodeList.forEach (<anonymous>)
    at postProcessIframe (http://localhost:5174/src/utils/iframePostProcessor.ts?t=1773160850155:14:50)
    at http://localhost:5174/src/components/MorphIframe.tsx?t=1773160850155:117:5
    at http://localhost:5174/src/components/MorphIframe.tsx?t=1773160850155:142:7
    at Object.react_stack_bottom_frame (http://localhost:5174/node_modules/.vite/deps/react-dom_client.js?v=97d2bbdc:18567:20)
    at runWithFiberInDEV (http://localhost:5174/node_modules/.vite/deps/react-dom_client.js?v=97d2bbdc:997:72)
    at commitHookEffectListMount (http://localhost:5174/node_modules/.vite/deps/react-dom_client.js?v=97d2bbdc:9411:163)
[236155893ms] [WARNING] %s

%s
 An error occurred in the <MorphIframe> component. Consider adding an error boundary to your tree to customize error handling behavior.
Visit https://react.dev/link/error-boundaries to learn more about error boundaries. @ http://localhost:5174/node_modules/.vite/deps/react-dom_client.js?v=97d2bbdc:6965
[236155933ms] [WARNING] Failed to analyze document: Failed to read file: I/O error: Path not found: /project/chapters/chapter1.qmd @ http://localhost:5174/src/services/intelligenceService.ts?t=1773160850155:20
[236238289ms] [ERROR] Failed to load resource: the server responded with a status of 401 (Unauthorized) @ http://localhost:5174/auth/me:0
[236248910ms] Error: WASM module not initialized. Call initWasm() first.
    at getWasm (http://localhost:5174/src/services/wasmRenderer.ts?t=1773160943173:55:11)
    at vfsReadFile (http://localhost:5174/src/services/wasmRenderer.ts?t=1773160943173:80:16)
    at http://localhost:5174/src/utils/iframePostProcessor.ts?t=1773160943173:17:22
    at NodeList.forEach (<anonymous>)
    at postProcessIframe (http://localhost:5174/src/utils/iframePostProcessor.ts?t=1773160943173:14:50)
    at http://localhost:5174/src/components/MorphIframe.tsx?t=1773160943173:117:5
    at http://localhost:5174/src/components/MorphIframe.tsx?t=1773160943173:142:7
    at Object.react_stack_bottom_frame (http://localhost:5174/node_modules/.vite/deps/react-dom_client.js?v=97d2bbdc:18567:20)
    at runWithFiberInDEV (http://localhost:5174/node_modules/.vite/deps/react-dom_client.js?v=97d2bbdc:997:72)
    at commitHookEffectListMount (http://localhost:5174/node_modules/.vite/deps/react-dom_client.js?v=97d2bbdc:9411:163)
[236248909ms] [WARNING] %s

%s
 An error occurred in the <MorphIframe> component. Consider adding an error boundary to your tree to customize error handling behavior.
Visit https://react.dev/link/error-boundaries to learn more about error boundaries. @ http://localhost:5174/node_modules/.vite/deps/react-dom_client.js?v=97d2bbdc:6965
[236248953ms] [WARNING] Failed to analyze document: Failed to read file: I/O error: Path not found: /project/chapters/chapter1.qmd @ http://localhost:5174/src/services/intelligenceService.ts?t=1773160943173:20
[236328386ms] [ERROR] Failed to load resource: the server responded with a status of 401 (Unauthorized) @ http://localhost:5174/auth/me:0
[236328393ms] [WARNING] Module "fs" has been externalized for browser compatibility. Cannot access "fs.readFileSync" in client code. See https://vite.dev/guide/troubleshooting.html#module-externalized-for-browser-compatibility for more details. @ http://localhost:5174/node_modules/.vite/deps/ejs.js?v=97d2bbdc:10
[236612952ms] [ERROR] Blocked script execution in 'http://localhost:5174/' because the document's frame is sandboxed and the 'allow-scripts' permission is not set. @ http://localhost:5174/:0
[236652643ms] [ERROR] Failed to load resource: the server responded with a status of 401 (Unauthorized) @ http://localhost:5174/auth/me:0
[236652672ms] [WARNING] Module "fs" has been externalized for browser compatibility. Cannot access "fs.readFileSync" in client code. See https://vite.dev/guide/troubleshooting.html#module-externalized-for-browser-compatibility for more details. @ http://localhost:5174/node_modules/.vite/deps/ejs.js?v=97d2bbdc:10
[236653029ms] [ERROR] Blocked script execution in 'http://localhost:5174/' because the document's frame is sandboxed and the 'allow-scripts' permission is not set. @ http://localhost:5174/:0
[236685509ms] [ERROR] Failed to load resource: the server responded with a status of 401 (Unauthorized) @ http://localhost:5174/auth/me:0
[236685529ms] [WARNING] Module "fs" has been externalized for browser compatibility. Cannot access "fs.readFileSync" in client code. See https://vite.dev/guide/troubleshooting.html#module-externalized-for-browser-compatibility for more details. @ http://localhost:5174/node_modules/.vite/deps/ejs.js?v=97d2bbdc:10
[236685874ms] [ERROR] Blocked script execution in 'http://localhost:5174/' because the document's frame is sandboxed and the 'allow-scripts' permission is not set. @ http://localhost:5174/:0
[236706638ms] [ERROR] Failed to load resource: the server responded with a status of 401 (Unauthorized) @ http://localhost:5174/auth/me:0
[236706654ms] [WARNING] Module "fs" has been externalized for browser compatibility. Cannot access "fs.readFileSync" in client code. See https://vite.dev/guide/troubleshooting.html#module-externalized-for-browser-compatibility for more details. @ http://localhost:5174/node_modules/.vite/deps/ejs.js?v=97d2bbdc:10
[236707006ms] [ERROR] Blocked script execution in 'http://localhost:5174/' because the document's frame is sandboxed and the 'allow-scripts' permission is not set. @ http://localhost:5174/:0
[236842357ms] [ERROR] Blocked script execution in 'http://localhost:5174/' because the document's frame is sandboxed and the 'allow-scripts' permission is not set. @ http://localhost:5174/:0
[236844519ms] [ERROR] Blocked script execution in 'http://localhost:5174/' because the document's frame is sandboxed and the 'allow-scripts' permission is not set. @ http://localhost:5174/:0
[236847735ms] [ERROR] Blocked script execution in 'http://localhost:5174/' because the document's frame is sandboxed and the 'allow-scripts' permission is not set. @ http://localhost:5174/:0
[236850374ms] [ERROR] Blocked script execution in 'http://localhost:5174/' because the document's frame is sandboxed and the 'allow-scripts' permission is not set. @ http://localhost:5174/:0
[236851677ms] [ERROR] Blocked script execution in 'http://localhost:5174/' because the document's frame is sandboxed and the 'allow-scripts' permission is not set. @ http://localhost:5174/:0
[236854036ms] [ERROR] Blocked script execution in 'http://localhost:5174/' because the document's frame is sandboxed and the 'allow-scripts' permission is not set. @ http://localhost:5174/:0
[236855813ms] [ERROR] Blocked script execution in 'http://localhost:5174/' because the document's frame is sandboxed and the 'allow-scripts' permission is not set. @ http://localhost:5174/:0
[236862573ms] [ERROR] Blocked script execution in 'http://localhost:5174/' because the document's frame is sandboxed and the 'allow-scripts' permission is not set. @ http://localhost:5174/:0
[236946982ms] [ERROR] Blocked script execution in 'http://localhost:5174/' because the document's frame is sandboxed and the 'allow-scripts' permission is not set. @ http://localhost:5174/:0
[236949538ms] [ERROR] Blocked script execution in 'http://localhost:5174/' because the document's frame is sandboxed and the 'allow-scripts' permission is not set. @ http://localhost:5174/:0
[236951459ms] [ERROR] Blocked script execution in 'http://localhost:5174/' because the document's frame is sandboxed and the 'allow-scripts' permission is not set. @ http://localhost:5174/:0
[236952620ms] [ERROR] Blocked script execution in 'http://localhost:5174/' because the document's frame is sandboxed and the 'allow-scripts' permission is not set. @ http://localhost:5174/:0
[236955119ms] [ERROR] Blocked script execution in 'http://localhost:5174/' because the document's frame is sandboxed and the 'allow-scripts' permission is not set. @ http://localhost:5174/:0
[236958596ms] [ERROR] Blocked script execution in 'http://localhost:5174/' because the document's frame is sandboxed and the 'allow-scripts' permission is not set. @ http://localhost:5174/:0
[237073617ms] [ERROR] Blocked script execution in 'http://localhost:5174/' because the document's frame is sandboxed and the 'allow-scripts' permission is not set. @ http://localhost:5174/:0
[237082675ms] [ERROR] Blocked script execution in 'http://localhost:5174/' because the document's frame is sandboxed and the 'allow-scripts' permission is not set. @ http://localhost:5174/:0
[237096677ms] [ERROR] Blocked script execution in 'http://localhost:5174/' because the document's frame is sandboxed and the 'allow-scripts' permission is not set. @ http://localhost:5174/:0
[237103204ms] [ERROR] Blocked script execution in 'http://localhost:5174/' because the document's frame is sandboxed and the 'allow-scripts' permission is not set. @ http://localhost:5174/:0
[237108885ms] [ERROR] Blocked script execution in 'http://localhost:5174/' because the document's frame is sandboxed and the 'allow-scripts' permission is not set. @ http://localhost:5174/:0
[237117525ms] [ERROR] Blocked script execution in 'http://localhost:5174/' because the document's frame is sandboxed and the 'allow-scripts' permission is not set. @ http://localhost:5174/:0
[237141813ms] [ERROR] Blocked script execution in 'http://localhost:5174/' because the document's frame is sandboxed and the 'allow-scripts' permission is not set. @ http://localhost:5174/:0
[237218926ms] [ERROR] Blocked script execution in 'http://localhost:5174/' because the document's frame is sandboxed and the 'allow-scripts' permission is not set. @ http://localhost:5174/:0
[237219864ms] [ERROR] Blocked script execution in 'http://localhost:5174/' because the document's frame is sandboxed and the 'allow-scripts' permission is not set. @ http://localhost:5174/:0
[237224010ms] [ERROR] Blocked script execution in 'http://localhost:5174/' because the document's frame is sandboxed and the 'allow-scripts' permission is not set. @ http://localhost:5174/:0
[237230222ms] [ERROR] Blocked script execution in 'http://localhost:5174/' because the document's frame is sandboxed and the 'allow-scripts' permission is not set. @ http://localhost:5174/:0
[237246915ms] [ERROR] Blocked script execution in 'http://localhost:5174/' because the document's frame is sandboxed and the 'allow-scripts' permission is not set. @ http://localhost:5174/:0
[248626262ms] [ERROR] Blocked script execution in 'http://localhost:5174/' because the document's frame is sandboxed and the 'allow-scripts' permission is not set. @ http://localhost:5174/:0
[248643669ms] [ERROR] Blocked script execution in 'http://localhost:5174/' because the document's frame is sandboxed and the 'allow-scripts' permission is not set. @ http://localhost:5174/:0
[248758632ms] [ERROR] Blocked script execution in 'http://localhost:5174/' because the document's frame is sandboxed and the 'allow-scripts' permission is not set. @ http://localhost:5174/:0
[323905214ms] [ERROR] Blocked script execution in 'http://localhost:5174/' because the document's frame is sandboxed and the 'allow-scripts' permission is not set. @ http://localhost:5174/:0
[323937683ms] [ERROR] Blocked script execution in 'http://localhost:5174/' because the document's frame is sandboxed and the 'allow-scripts' permission is not set. @ http://localhost:5174/:0
[323972471ms] [ERROR] Blocked script execution in 'http://localhost:5174/' because the document's frame is sandboxed and the 'allow-scripts' permission is not set. @ http://localhost:5174/:0
[324075573ms] [ERROR] Blocked script execution in 'http://localhost:5174/' because the document's frame is sandboxed and the 'allow-scripts' permission is not set. @ http://localhost:5174/:0
[350501597ms] Error: WASM module not initialized. Call initWasm() first.
    at getWasm (http://localhost:5174/src/services/wasmRenderer.ts?t=1773275195787:55:11)
    at vfsReadFile (http://localhost:5174/src/services/wasmRenderer.ts?t=1773275195787:80:16)
    at http://localhost:5174/src/utils/iframePostProcessor.ts?t=1773275195787:17:22
    at NodeList.forEach (<anonymous>)
    at postProcessIframe (http://localhost:5174/src/utils/iframePostProcessor.ts?t=1773275195787:14:50)
    at http://localhost:5174/src/components/MorphIframe.tsx?t=1773275195787:117:5
    at http://localhost:5174/src/components/MorphIframe.tsx?t=1773275195787:142:7
    at Object.react_stack_bottom_frame (http://localhost:5174/node_modules/.vite/deps/react-dom_client.js?v=97d2bbdc:18567:20)
    at runWithFiberInDEV (http://localhost:5174/node_modules/.vite/deps/react-dom_client.js?v=97d2bbdc:997:72)
    at commitHookEffectListMount (http://localhost:5174/node_modules/.vite/deps/react-dom_client.js?v=97d2bbdc:9411:163)
[350501593ms] [WARNING] %s

%s
 An error occurred in the <MorphIframe> component. Consider adding an error boundary to your tree to customize error handling behavior.
Visit https://react.dev/link/error-boundaries to learn more about error boundaries. @ http://localhost:5174/node_modules/.vite/deps/react-dom_client.js?v=97d2bbdc:6965
[350501677ms] [WARNING] Failed to analyze document: Failed to read file: I/O error: Path not found: /project/index.qmd @ http://localhost:5174/src/services/intelligenceService.ts?t=1773275195787:20
[350512564ms] [ERROR] Failed to load resource: the server responded with a status of 401 (Unauthorized) @ http://localhost:5174/auth/me:0
[350512904ms] [ERROR] Blocked script execution in 'http://localhost:5174/' because the document's frame is sandboxed and the 'allow-scripts' permission is not set. @ http://localhost:5174/:0
[351602039ms] [ERROR] Blocked script execution in 'http://localhost:5174/' because the document's frame is sandboxed and the 'allow-scripts' permission is not set. @ http://localhost:5174/:0
[351603379ms] [ERROR] Blocked script execution in 'http://localhost:5174/' because the document's frame is sandboxed and the 'allow-scripts' permission is not set. @ http://localhost:5174/:0
[351606538ms] [ERROR] Blocked script execution in 'http://localhost:5174/' because the document's frame is sandboxed and the 'allow-scripts' permission is not set. @ http://localhost:5174/:0
[351608294ms] [ERROR] Blocked script execution in 'http://localhost:5174/' because the document's frame is sandboxed and the 'allow-scripts' permission is not set. @ http://localhost:5174/:0
[351609675ms] [ERROR] Blocked script execution in 'http://localhost:5174/' because the document's frame is sandboxed and the 'allow-scripts' permission is not set. @ http://localhost:5174/:0
[351611754ms] [ERROR] Blocked script execution in 'http://localhost:5174/' because the document's frame is sandboxed and the 'allow-scripts' permission is not set. @ http://localhost:5174/:0
[351617672ms] [ERROR] Blocked script execution in 'http://localhost:5174/' because the document's frame is sandboxed and the 'allow-scripts' permission is not set. @ http://localhost:5174/:0
[351619590ms] [ERROR] Blocked script execution in 'http://localhost:5174/' because the document's frame is sandboxed and the 'allow-scripts' permission is not set. @ http://localhost:5174/:0
[351703683ms] [ERROR] Blocked script execution in 'http://localhost:5174/' because the document's frame is sandboxed and the 'allow-scripts' permission is not set. @ http://localhost:5174/:0
[351707262ms] [ERROR] Blocked script execution in 'http://localhost:5174/' because the document's frame is sandboxed and the 'allow-scripts' permission is not set. @ http://localhost:5174/:0
[351709110ms] [ERROR] Blocked script execution in 'http://localhost:5174/' because the document's frame is sandboxed and the 'allow-scripts' permission is not set. @ http://localhost:5174/:0
[351710537ms] [ERROR] Blocked script execution in 'http://localhost:5174/' because the document's frame is sandboxed and the 'allow-scripts' permission is not set. @ http://localhost:5174/:0
[351716016ms] [ERROR] Blocked script execution in 'http://localhost:5174/' because the document's frame is sandboxed and the 'allow-scripts' permission is not set. @ http://localhost:5174/:0
[351728538ms] [ERROR] Blocked script execution in 'http://localhost:5174/' because the document's frame is sandboxed and the 'allow-scripts' permission is not set. @ http://localhost:5174/:0
[351730113ms] [ERROR] Blocked script execution in 'http://localhost:5174/' because the document's frame is sandboxed and the 'allow-scripts' permission is not set. @ http://localhost:5174/:0
[351731812ms] [ERROR] Blocked script execution in 'http://localhost:5174/' because the document's frame is sandboxed and the 'allow-scripts' permission is not set. @ http://localhost:5174/:0
[351732951ms] [ERROR] Blocked script execution in 'http://localhost:5174/' because the document's frame is sandboxed and the 'allow-scripts' permission is not set. @ http://localhost:5174/:0
[351733869ms] [ERROR] Blocked script execution in 'http://localhost:5174/' because the document's frame is sandboxed and the 'allow-scripts' permission is not set. @ http://localhost:5174/:0
[351790969ms] [ERROR] Failed to load resource: the server responded with a status of 401 (Unauthorized) @ http://localhost:5174/auth/me:0
[351790997ms] [WARNING] Module "fs" has been externalized for browser compatibility. Cannot access "fs.readFileSync" in client code. See https://vite.dev/guide/troubleshooting.html#module-externalized-for-browser-compatibility for more details. @ http://localhost:5174/node_modules/.vite/deps/ejs.js?v=97d2bbdc:10
[351791388ms] [ERROR] Blocked script execution in 'http://localhost:5174/' because the document's frame is sandboxed and the 'allow-scripts' permission is not set. @ http://localhost:5174/:0
[351794451ms] [ERROR] Blocked script execution in 'http://localhost:5174/' because the document's frame is sandboxed and the 'allow-scripts' permission is not set. @ http://localhost:5174/:0
[351801052ms] [ERROR] Blocked script execution in 'http://localhost:5174/' because the document's frame is sandboxed and the 'allow-scripts' permission is not set. @ http://localhost:5174/:0
[351852836ms] [ERROR] Blocked script execution in 'http://localhost:5174/' because the document's frame is sandboxed and the 'allow-scripts' permission is not set. @ http://localhost:5174/:0
[351854990ms] [ERROR] Blocked script execution in 'http://localhost:5174/' because the document's frame is sandboxed and the 'allow-scripts' permission is not set. @ http://localhost:5174/:0
[351857068ms] [ERROR] Blocked script execution in 'http://localhost:5174/' because the document's frame is sandboxed and the 'allow-scripts' permission is not set. @ http://localhost:5174/:0
[351859168ms] [ERROR] Blocked script execution in 'http://localhost:5174/' because the document's frame is sandboxed and the 'allow-scripts' permission is not set. @ http://localhost:5174/:0
[353147247ms] [ERROR] Blocked script execution in 'http://localhost:5174/' because the document's frame is sandboxed and the 'allow-scripts' permission is not set. @ http://localhost:5174/:0
[353168119ms] [ERROR] Blocked script execution in 'http://localhost:5174/' because the document's frame is sandboxed and the 'allow-scripts' permission is not set. @ http://localhost:5174/:0
[353175299ms] [ERROR] Blocked script execution in 'http://localhost:5174/' because the document's frame is sandboxed and the 'allow-scripts' permission is not set. @ http://localhost:5174/:0
[353207116ms] [ERROR] Blocked script execution in 'http://localhost:5174/' because the document's frame is sandboxed and the 'allow-scripts' permission is not set. @ http://localhost:5174/:0
[353229277ms] [ERROR] Blocked script execution in 'http://localhost:5174/' because the document's frame is sandboxed and the 'allow-scripts' permission is not set. @ http://localhost:5174/:0
[353270226ms] [ERROR] Blocked script execution in 'http://localhost:5174/' because the document's frame is sandboxed and the 'allow-scripts' permission is not set. @ http://localhost:5174/:0
[353328722ms] [ERROR] Blocked script execution in 'http://localhost:5174/' because the document's frame is sandboxed and the 'allow-scripts' permission is not set. @ http://localhost:5174/:0
[353338919ms] [ERROR] Blocked script execution in 'http://localhost:5174/' because the document's frame is sandboxed and the 'allow-scripts' permission is not set. @ http://localhost:5174/:0
[353340457ms] [ERROR] Blocked script execution in 'http://localhost:5174/' because the document's frame is sandboxed and the 'allow-scripts' permission is not set. @ http://localhost:5174/:0
[353343396ms] [ERROR] Blocked script execution in 'http://localhost:5174/' because the document's frame is sandboxed and the 'allow-scripts' permission is not set. @ http://localhost:5174/:0
[353344859ms] [ERROR] Blocked script execution in 'http://localhost:5174/' because the document's frame is sandboxed and the 'allow-scripts' permission is not set. @ http://localhost:5174/:0
[353345955ms] [ERROR] Blocked script execution in 'http://localhost:5174/' because the document's frame is sandboxed and the 'allow-scripts' permission is not set. @ http://localhost:5174/:0
[353353095ms] [ERROR] Blocked script execution in 'http://localhost:5174/' because the document's frame is sandboxed and the 'allow-scripts' permission is not set. @ http://localhost:5174/:0
[353360170ms] [ERROR] Blocked script execution in 'http://localhost:5174/' because the document's frame is sandboxed and the 'allow-scripts' permission is not set. @ http://localhost:5174/:0
[353361811ms] [ERROR] Blocked script execution in 'http://localhost:5174/' because the document's frame is sandboxed and the 'allow-scripts' permission is not set. @ http://localhost:5174/:0
[353363352ms] [ERROR] Blocked script execution in 'http://localhost:5174/' because the document's frame is sandboxed and the 'allow-scripts' permission is not set. @ http://localhost:5174/:0
[353414671ms] [ERROR] Blocked script execution in 'http://localhost:5174/' because the document's frame is sandboxed and the 'allow-scripts' permission is not set. @ http://localhost:5174/:0
[353416732ms] [ERROR] Blocked script execution in 'http://localhost:5174/' because the document's frame is sandboxed and the 'allow-scripts' permission is not set. @ http://localhost:5174/:0
[353419532ms] [ERROR] Blocked script execution in 'http://localhost:5174/' because the document's frame is sandboxed and the 'allow-scripts' permission is not set. @ http://localhost:5174/:0
[353421526ms] [ERROR] Blocked script execution in 'http://localhost:5174/' because the document's frame is sandboxed and the 'allow-scripts' permission is not set. @ http://localhost:5174/:0
[353424189ms] [ERROR] Blocked script execution in 'http://localhost:5174/' because the document's frame is sandboxed and the 'allow-scripts' permission is not set. @ http://localhost:5174/:0
[353426170ms] [ERROR] Blocked script execution in 'http://localhost:5174/' because the document's frame is sandboxed and the 'allow-scripts' permission is not set. @ http://localhost:5174/:0
[353427748ms] [ERROR] Blocked script execution in 'http://localhost:5174/' because the document's frame is sandboxed and the 'allow-scripts' permission is not set. @ http://localhost:5174/:0
[376831801ms] Error: WASM module not initialized. Call initWasm() first.
    at getWasm (http://localhost:5174/src/services/wasmRenderer.ts?t=1773301525995:55:11)
    at vfsReadFile (http://localhost:5174/src/services/wasmRenderer.ts?t=1773301525995:80:16)
    at http://localhost:5174/src/utils/iframePostProcessor.ts?t=1773301525995:17:22
    at NodeList.forEach (<anonymous>)
    at postProcessIframe (http://localhost:5174/src/utils/iframePostProcessor.ts?t=1773301525995:14:50)
    at http://localhost:5174/src/components/MorphIframe.tsx?t=1773301525995:117:5
    at http://localhost:5174/src/components/MorphIframe.tsx?t=1773301525995:142:7
    at Object.react_stack_bottom_frame (http://localhost:5174/node_modules/.vite/deps/react-dom_client.js?v=97d2bbdc:18567:20)
    at runWithFiberInDEV (http://localhost:5174/node_modules/.vite/deps/react-dom_client.js?v=97d2bbdc:997:72)
    at commitHookEffectListMount (http://localhost:5174/node_modules/.vite/deps/react-dom_client.js?v=97d2bbdc:9411:163)
[376831790ms] [WARNING] %s

%s
 An error occurred in the <MorphIframe> component. Consider adding an error boundary to your tree to customize error handling behavior.
Visit https://react.dev/link/error-boundaries to learn more about error boundaries. @ http://localhost:5174/node_modules/.vite/deps/react-dom_client.js?v=97d2bbdc:6965
[376831879ms] [WARNING] Failed to analyze document: Failed to read file: I/O error: Path not found: /project/index.qmd @ http://localhost:5174/src/services/intelligenceService.ts?t=1773301525995:20
[376842530ms] [ERROR] Failed to load resource: the server responded with a status of 401 (Unauthorized) @ http://localhost:5174/auth/me:0
[376842871ms] [ERROR] Blocked script execution in 'http://localhost:5174/' because the document's frame is sandboxed and the 'allow-scripts' permission is not set. @ http://localhost:5174/:0
[385519077ms] Error: WASM module not initialized. Call initWasm() first.
    at getWasm (http://localhost:5174/src/services/wasmRenderer.ts?t=1773310213255:55:11)
    at vfsReadFile (http://localhost:5174/src/services/wasmRenderer.ts?t=1773310213255:80:16)
    at http://localhost:5174/src/utils/iframePostProcessor.ts?t=1773310213255:17:22
    at NodeList.forEach (<anonymous>)
    at postProcessIframe (http://localhost:5174/src/utils/iframePostProcessor.ts?t=1773310213255:14:50)
    at http://localhost:5174/src/components/MorphIframe.tsx?t=1773310213255:117:5
    at http://localhost:5174/src/components/MorphIframe.tsx?t=1773310213255:142:7
    at Object.react_stack_bottom_frame (http://localhost:5174/node_modules/.vite/deps/react-dom_client.js?v=97d2bbdc:18567:20)
    at runWithFiberInDEV (http://localhost:5174/node_modules/.vite/deps/react-dom_client.js?v=97d2bbdc:997:72)
    at commitHookEffectListMount (http://localhost:5174/node_modules/.vite/deps/react-dom_client.js?v=97d2bbdc:9411:163)
[385519050ms] [WARNING] %s

%s
 An error occurred in the <MorphIframe> component. Consider adding an error boundary to your tree to customize error handling behavior.
Visit https://react.dev/link/error-boundaries to learn more about error boundaries. @ http://localhost:5174/node_modules/.vite/deps/react-dom_client.js?v=97d2bbdc:6965
[385519138ms] [WARNING] Failed to analyze document: Failed to read file: I/O error: Path not found: /project/index.qmd @ http://localhost:5174/src/services/intelligenceService.ts?t=1773310213255:20
[385529831ms] [ERROR] Failed to load resource: the server responded with a status of 401 (Unauthorized) @ http://localhost:5174/auth/me:0
[385530189ms] [ERROR] Blocked script execution in 'http://localhost:5174/' because the document's frame is sandboxed and the 'allow-scripts' permission is not set. @ http://localhost:5174/:0
[386003268ms] [ERROR] Failed to load resource: the server responded with a status of 401 (Unauthorized) @ http://localhost:5174/auth/me:0
[386003281ms] [ERROR] Failed to load resource: the server responded with a status of 404 (Not Found) @ http://localhost:5174/src/wasm-js-bridge/cache.js?t=1773310697086:0
[386003281ms] [ERROR] Failed to load project choices: TypeError: Failed to fetch dynamically imported module: http://localhost:5174/@fs/Users/gordon/src/q2/crates/wasm-quarto-hub-client/pkg/wasm_quarto_hub_client.js?t=1773310697086 @ http://localhost:5174/src/components/ProjectSelector.tsx?t=1773310697115:93
[386003336ms] Error: WASM module not initialized. Call initWasm() first.
    at getWasm (http://localhost:5174/src/services/wasmRenderer.ts?t=1773310697115:80:11)
    at vfsClear (http://localhost:5174/src/services/wasmRenderer.ts?t=1773310697115:101:16)
    at disconnect (http://localhost:5174/src/services/automergeSync.ts?t=1773310697115:62:3)
    at handleRouteChange (http://localhost:5174/src/App.tsx?t=1773310697115:62:15)
    at http://localhost:5174/src/App.tsx?t=1773310697115:92:5
    at Object.react_stack_bottom_frame (http://localhost:5174/node_modules/.vite/deps/react-dom_client.js?v=97d2bbdc:18567:20)
    at runWithFiberInDEV (http://localhost:5174/node_modules/.vite/deps/react-dom_client.js?v=97d2bbdc:997:72)
    at commitHookEffectListMount (http://localhost:5174/node_modules/.vite/deps/react-dom_client.js?v=97d2bbdc:9411:163)
    at commitHookPassiveMountEffects (http://localhost:5174/node_modules/.vite/deps/react-dom_client.js?v=97d2bbdc:9465:60)
    at commitPassiveMountOnFiber (http://localhost:5174/node_modules/.vite/deps/react-dom_client.js?v=97d2bbdc:11040:29)
[386003480ms] [WARNING] Module "fs" has been externalized for browser compatibility. Cannot access "fs.readFileSync" in client code. See https://vite.dev/guide/troubleshooting.html#module-externalized-for-browser-compatibility for more details. @ http://localhost:5174/node_modules/.vite/deps/ejs.js?v=97d2bbdc:10
[386003499ms] [WARNING] [SASS Cache] Failed to check SCSS resources version: TypeError: wasm.get_scss_resources_version is not a function
    at checkAndInvalidateSassCache (http://localhost:5174/src/services/wasmRenderer.ts?t=1773310697711:30:33)
    at http://localhost:5174/src/services/wasmRenderer.ts?t=1773310697711:16:15
    at async getProjectChoices (http://localhost:5174/src/services/wasmRenderer.ts?t=1773310697711:244:3)
    at async http://localhost:5174/src/components/ProjectSelector.tsx?t=1773310697711:88:23 @ http://localhost:5174/src/services/wasmRenderer.ts?t=1773310697711:46
[386003599ms] [WARNING] [SASS Cache] Failed to check SCSS resources version: TypeError: wasm.get_scss_resources_version is not a function
    at checkAndInvalidateSassCache (http://localhost:5174/src/services/wasmRenderer.ts?t=1773310697904:30:33)
    at http://localhost:5174/src/services/wasmRenderer.ts?t=1773310697904:16:15
    at async getProjectChoices (http://localhost:5174/src/services/wasmRenderer.ts?t=1773310697904:244:3)
    at async http://localhost:5174/src/components/ProjectSelector.tsx?t=1773310697904:88:23 @ http://localhost:5174/src/services/wasmRenderer.ts?t=1773310697904:46
[400205554ms] [ERROR] Failed to load resource: the server responded with a status of 404 (Not Found) @ http://localhost:5174/src/wasm-js-bridge/cache.js?t=1773324899644:0
[400205554ms] [ERROR] Failed to load project choices: TypeError: Failed to fetch dynamically imported module: http://localhost:5174/@fs/Users/gordon/src/q2/crates/wasm-quarto-hub-client/pkg/wasm_quarto_hub_client.js?t=1773324899644 @ http://localhost:5174/src/components/ProjectSelector.tsx?t=1773324899665:93
[400205711ms] [ERROR] Failed to load resource: the server responded with a status of 401 (Unauthorized) @ http://localhost:5174/auth/me:0
[400205717ms] [ERROR] Failed to load resource: the server responded with a status of 404 (Not Found) @ http://localhost:5174/src/wasm-js-bridge/cache.js?t=1773324899644:0
[400205718ms] [ERROR] Failed to load project choices: TypeError: Failed to fetch dynamically imported module: http://localhost:5174/@fs/Users/gordon/src/q2/crates/wasm-quarto-hub-client/pkg/wasm_quarto_hub_client.js?t=1773324899644 @ http://localhost:5174/src/components/ProjectSelector.tsx?t=1773324899673:93
[400205797ms] [ERROR] Failed to load project choices: TypeError: Failed to fetch dynamically imported module: http://localhost:5174/@fs/Users/gordon/src/q2/crates/wasm-quarto-hub-client/pkg/wasm_quarto_hub_client.js?t=1773324899644 @ http://localhost:5174/src/components/ProjectSelector.tsx?t=1773324900034:93
[400205918ms] [ERROR] Failed to load project choices: TypeError: Failed to fetch dynamically imported module: http://localhost:5174/@fs/Users/gordon/src/q2/crates/wasm-quarto-hub-client/pkg/wasm_quarto_hub_client.js?t=1773324899644 @ http://localhost:5174/src/components/ProjectSelector.tsx?t=1773324900206:93
[400206021ms] [WARNING] Module "fs" has been externalized for browser compatibility. Cannot access "fs.readFileSync" in client code. See https://vite.dev/guide/troubleshooting.html#module-externalized-for-browser-compatibility for more details. @ http://localhost:5174/node_modules/.vite/deps/ejs.js?v=97d2bbdc:10
[400206048ms] [WARNING] [SASS Cache] Failed to check SCSS resources version: TypeError: wasm.get_scss_resources_version is not a function
    at checkAndInvalidateSassCache (http://localhost:5174/src/services/wasmRenderer.ts?t=1773324900363:30:33)
    at http://localhost:5174/src/services/wasmRenderer.ts?t=1773324900363:16:15
    at async getProjectChoices (http://localhost:5174/src/services/wasmRenderer.ts?t=1773324900363:244:3)
    at async http://localhost:5174/src/components/ProjectSelector.tsx?t=1773324900363:88:23 @ http://localhost:5174/src/services/wasmRenderer.ts?t=1773324900363:46
[400206074ms] [ERROR] Failed to load resource: the server responded with a status of 500 (Internal Server Error) @ http://localhost:5174/src/services/wasmRenderer.ts?t=1773324900527:0
[400206075ms] [ERROR] [vite] Failed to reload /src/components/MorphIframe.tsx. This could be due to syntax errors or importing non-existent modules. (see errors above) @ http://localhost:5174/@vite/client:808
[400206075ms] [ERROR] [vite] Failed to reload /src/components/NewFileDialog.tsx. This could be due to syntax errors or importing non-existent modules. (see errors above) @ http://localhost:5174/@vite/client:808
[400206075ms] [ERROR] [vite] Failed to reload /src/components/ReactAstSlideRenderer.tsx. This could be due to syntax errors or importing non-existent modules. (see errors above) @ http://localhost:5174/@vite/client:808
[400206075ms] [ERROR] [vite] Failed to reload /src/components/tabs/AboutTab.tsx. This could be due to syntax errors or importing non-existent modules. (see errors above) @ http://localhost:5174/@vite/client:808
[400206075ms] [ERROR] [vite] Failed to reload /src/App.tsx. This could be due to syntax errors or importing non-existent modules. (see errors above) @ http://localhost:5174/@vite/client:808
[400206075ms] [ERROR] [vite] Failed to reload /src/components/Preview.tsx. This could be due to syntax errors or importing non-existent modules. (see errors above) @ http://localhost:5174/@vite/client:808
[400206075ms] [ERROR] [vite] Failed to reload /src/components/Editor.tsx. This could be due to syntax errors or importing non-existent modules. (see errors above) @ http://localhost:5174/@vite/client:808
[400206075ms] [ERROR] [vite] Failed to reload /src/components/ProjectSelector.tsx. This could be due to syntax errors or importing non-existent modules. (see errors above) @ http://localhost:5174/@vite/client:808
[400206075ms] [ERROR] [vite] Failed to reload /src/components/PreviewRouter.tsx. This could be due to syntax errors or importing non-existent modules. (see errors above) @ http://localhost:5174/@vite/client:808
[400206075ms] [ERROR] [vite] Failed to reload /src/components/ReactPreview.tsx. This could be due to syntax errors or importing non-existent modules. (see errors above) @ http://localhost:5174/@vite/client:808
[400436141ms] [ERROR] Failed to load resource: the server responded with a status of 401 (Unauthorized) @ http://localhost:5174/auth/me:0
[400436157ms] [WARNING] Module "fs" has been externalized for browser compatibility. Cannot access "fs.readFileSync" in client code. See https://vite.dev/guide/troubleshooting.html#module-externalized-for-browser-compatibility for more details. @ http://localhost:5174/node_modules/.vite/deps/ejs.js?v=97d2bbdc:10
[400439489ms] [ERROR] Blocked script execution in 'http://localhost:5174/' because the document's frame is sandboxed and the 'allow-scripts' permission is not set. @ http://localhost:5174/:0
[400450841ms] [ERROR] Blocked script execution in 'http://localhost:5174/' because the document's frame is sandboxed and the 'allow-scripts' permission is not set. @ http://localhost:5174/:0
[400452063ms] [ERROR] Blocked script execution in 'http://localhost:5174/' because the document's frame is sandboxed and the 'allow-scripts' permission is not set. @ http://localhost:5174/:0
[400454121ms] [ERROR] Blocked script execution in 'http://localhost:5174/' because the document's frame is sandboxed and the 'allow-scripts' permission is not set. @ http://localhost:5174/:0
[400456582ms] [ERROR] Blocked script execution in 'http://localhost:5174/' because the document's frame is sandboxed and the 'allow-scripts' permission is not set. @ http://localhost:5174/:0
[400458080ms] [ERROR] Blocked script execution in 'http://localhost:5174/' because the document's frame is sandboxed and the 'allow-scripts' permission is not set. @ http://localhost:5174/:0
[400467380ms] [ERROR] Blocked script execution in 'http://localhost:5174/' because the document's frame is sandboxed and the 'allow-scripts' permission is not set. @ http://localhost:5174/:0
[400468576ms] [ERROR] Blocked script execution in 'http://localhost:5174/' because the document's frame is sandboxed and the 'allow-scripts' permission is not set. @ http://localhost:5174/:0
[400470177ms] [ERROR] Blocked script execution in 'http://localhost:5174/' because the document's frame is sandboxed and the 'allow-scripts' permission is not set. @ http://localhost:5174/:0
[400527501ms] [ERROR] Failed to load resource: the server responded with a status of 401 (Unauthorized) @ http://localhost:5174/auth/me:0
[400527512ms] [WARNING] Module "fs" has been externalized for browser compatibility. Cannot access "fs.readFileSync" in client code. See https://vite.dev/guide/troubleshooting.html#module-externalized-for-browser-compatibility for more details. @ http://localhost:5174/node_modules/.vite/deps/ejs.js?v=97d2bbdc:10
[402400796ms] Uncaught (in promise) Canceled: Canceled
    at cancel (https://cdn.jsdelivr.net/npm/monaco-editor@0.55.1/min/vs/editor.api-CalNCsUg.js:6:10340)
    at dispose (https://cdn.jsdelivr.net/npm/monaco-editor@0.55.1/min/vs/editor.api-CalNCsUg.js:6:10452)
    at ht (https://cdn.jsdelivr.net/npm/monaco-editor@0.55.1/min/vs/editor.api-CalNCsUg.js:4:24681)
    at clear (https://cdn.jsdelivr.net/npm/monaco-editor@0.55.1/min/vs/editor.api-CalNCsUg.js:4:25418)
    at dispose (https://cdn.jsdelivr.net/npm/monaco-editor@0.55.1/min/vs/editor.api-CalNCsUg.js:4:25328)
    at dispose (https://cdn.jsdelivr.net/npm/monaco-editor@0.55.1/min/vs/editor.api-CalNCsUg.js:458:25821)
    at <anonymous> (https://cdn.jsdelivr.net/npm/monaco-editor@0.55.1/min/vs/editor.api-CalNCsUg.js:458:26470)
    at _deliver (https://cdn.jsdelivr.net/npm/monaco-editor@0.55.1/min/vs/editor.api-CalNCsUg.js:6:2718)
    at _deliverQueue (https://cdn.jsdelivr.net/npm/monaco-editor@0.55.1/min/vs/editor.api-CalNCsUg.js:6:2809)
    at fire (https://cdn.jsdelivr.net/npm/monaco-editor@0.55.1/min/vs/editor.api-CalNCsUg.js:6:3145)
    at setModel (https://cdn.jsdelivr.net/npm/monaco-editor@0.55.1/min/vs/editor.api-CalNCsUg.js:256:710)
    at <anonymous> (https://cdn.jsdelivr.net/npm/monaco-editor@0.55.1/min/vs/editor.api-CalNCsUg.js:256:17811)
    at _deliver (https://cdn.jsdelivr.net/npm/monaco-editor@0.55.1/min/vs/editor.api-CalNCsUg.js:6:2718)
    at _deliverQueue (https://cdn.jsdelivr.net/npm/monaco-editor@0.55.1/min/vs/editor.api-CalNCsUg.js:6:2809)
    at fire (https://cdn.jsdelivr.net/npm/monaco-editor@0.55.1/min/vs/editor.api-CalNCsUg.js:6:3145)
    at dispose (https://cdn.jsdelivr.net/npm/monaco-editor@0.55.1/min/vs/editor.api-CalNCsUg.js:243:68897)
    at pe (http://localhost:5174/node_modules/.vite/deps/@monaco-editor_react.js?v=97d2bbdc:656:95)
    at <anonymous> (http://localhost:5174/node_modules/.vite/deps/@monaco-editor_react.js?v=97d2bbdc:608:166)
    at react_stack_bottom_frame (http://localhost:5174/node_modules/.vite/deps/react-dom_client.js?v=97d2bbdc:18572:12)
    at runWithFiberInDEV (http://localhost:5174/node_modules/.vite/deps/react-dom_client.js?v=97d2bbdc:996:71)
    at commitHookEffectListUnmount (http://localhost:5174/node_modules/.vite/deps/react-dom_client.js?v=97d2bbdc:9448:159)
    at commitHookPassiveUnmountEffects (http://localhost:5174/node_modules/.vite/deps/react-dom_client.js?v=97d2bbdc:9467:59)
    at commitPassiveUnmountEffectsInsideOfDeletedTree_begin (http://localhost:5174/node_modules/.vite/deps/react-dom_client.js?v=97d2bbdc:11592:14)
    at recursivelyTraversePassiveUnmountEffects (http://localhost:5174/node_modules/.vite/deps/react-dom_client.js?v=97d2bbdc:11464:14)
    at commitPassiveUnmountOnFiber (http://localhost:5174/node_modules/.vite/deps/react-dom_client.js?v=97d2bbdc:11515:12)
    at recursivelyTraversePassiveUnmountEffects (http://localhost:5174/node_modules/.vite/deps/react-dom_client.js?v=97d2bbdc:11480:12)
    at commitPassiveUnmountOnFiber (http://localhost:5174/node_modules/.vite/deps/react-dom_client.js?v=97d2bbdc:11515:12)
    at recursivelyTraversePassiveUnmountEffects (http://localhost:5174/node_modules/.vite/deps/react-dom_client.js?v=97d2bbdc:11480:12)
    at commitPassiveUnmountOnFiber (http://localhost:5174/node_modules/.vite/deps/react-dom_client.js?v=97d2bbdc:11515:12)
    at recursivelyTraversePassiveUnmountEffects (http://localhost:5174/node_modules/.vite/deps/react-dom_client.js?v=97d2bbdc:11480:12)
    at commitPassiveUnmountOnFiber (http://localhost:5174/node_modules/.vite/deps/react-dom_client.js?v=97d2bbdc:11515:12)
    at recursivelyTraversePassiveUnmountEffects (http://localhost:5174/node_modules/.vite/deps/react-dom_client.js?v=97d2bbdc:11480:12)
    at commitPassiveUnmountOnFiber (http://localhost:5174/node_modules/.vite/deps/react-dom_client.js?v=97d2bbdc:11488:12)
    at recursivelyTraversePassiveUnmountEffects (http://localhost:5174/node_modules/.vite/deps/react-dom_client.js?v=97d2bbdc:11480:12)
    at commitPassiveUnmountOnFiber (http://localhost:5174/node_modules/.vite/deps/react-dom_client.js?v=97d2bbdc:11515:12)
    at recursivelyTraversePassiveUnmountEffects (http://localhost:5174/node_modules/.vite/deps/react-dom_client.js?v=97d2bbdc:11480:12)
    at commitPassiveUnmountOnFiber (http://localhost:5174/node_modules/.vite/deps/react-dom_client.js?v=97d2bbdc:11488:12)
    at recursivelyTraversePassiveUnmountEffects (http://localhost:5174/node_modules/.vite/deps/react-dom_client.js?v=97d2bbdc:11480:12)
    at commitPassiveUnmountOnFiber (http://localhost:5174/node_modules/.vite/deps/react-dom_client.js?v=97d2bbdc:11488:12)
    at recursivelyTraversePassiveUnmountEffects (http://localhost:5174/node_modules/.vite/deps/react-dom_client.js?v=97d2bbdc:11480:12)
    at commitPassiveUnmountOnFiber (http://localhost:5174/node_modules/.vite/deps/react-dom_client.js?v=97d2bbdc:11515:12)
    at recursivelyTraversePassiveUnmountEffects (http://localhost:5174/node_modules/.vite/deps/react-dom_client.js?v=97d2bbdc:11480:12)
    at commitPassiveUnmountOnFiber (http://localhost:5174/node_modules/.vite/deps/react-dom_client.js?v=97d2bbdc:11515:12)
    at recursivelyTraversePassiveUnmountEffects (http://localhost:5174/node_modules/.vite/deps/react-dom_client.js?v=97d2bbdc:11480:12)
    at commitPassiveUnmountOnFiber (http://localhost:5174/node_modules/.vite/deps/react-dom_client.js?v=97d2bbdc:11488:12)
    at recursivelyTraversePassiveUnmountEffects (http://localhost:5174/node_modules/.vite/deps/react-dom_client.js?v=97d2bbdc:11480:12)
    at commitPassiveUnmountOnFiber (http://localhost:5174/node_modules/.vite/deps/react-dom_client.js?v=97d2bbdc:11497:12)
    at flushPassiveEffects (http://localhost:5174/node_modules/.vite/deps/react-dom_client.js?v=97d2bbdc:13145:10)
    at flushPendingEffects (http://localhost:5174/node_modules/.vite/deps/react-dom_client.js?v=97d2bbdc:13087:15)
    at flushSpawnedWork (http://localhost:5174/node_modules/.vite/deps/react-dom_client.js?v=97d2bbdc:13061:45)
    at commitRoot (http://localhost:5174/node_modules/.vite/deps/react-dom_client.js?v=97d2bbdc:12803:10)
    at commitRootWhenReady (http://localhost:5174/node_modules/.vite/deps/react-dom_client.js?v=97d2bbdc:12015:8)
    at performWorkOnRoot (http://localhost:5174/node_modules/.vite/deps/react-dom_client.js?v=97d2bbdc:11949:16)
    at performSyncWorkOnRoot (http://localhost:5174/node_modules/.vite/deps/react-dom_client.js?v=97d2bbdc:13516:8)
    at flushSyncWorkAcrossRoots_impl (http://localhost:5174/node_modules/.vite/deps/react-dom_client.js?v=97d2bbdc:13413:121)
    at processRootScheduleInMicrotask (http://localhost:5174/node_modules/.vite/deps/react-dom_client.js?v=97d2bbdc:13436:105)
    at <anonymous> (http://localhost:5174/node_modules/.vite/deps/react-dom_client.js?v=97d2bbdc:13530:14)
